﻿0,0,0,Housing_entrance,0.1,1,0.1,1,0.7
0,0,0,Starter_houses,0.8,0.1,0.8,1,0.7
0,0,0,Student_houses,0.8,0.1,0.8,1,0.7
0,0,0,Private_parking,0,0.8,0,0,0.7
0,0,0,Independent_elderly_houses,0.8,0.1,0.8,1,0.7
0,0,0,Dependent_elderly_houses,0.8,0.1,0.8,1,0.7
0,0,0,Shared_workspaces,0.8,0.5,0.8,1,0.7
0,0,0,Supermarket,0.2,0.9,0.2,0.5,0.7
0,0,0,Care_center_elderly,0.7,0.7,0.7,1,0.7
0,0,0,Cafe,0.6,1,0.2,1,0.7
0,0,0,Loading_dock,0,1,0,0,0.7
0,0,0,Gym,0.4,0.8,0.4,0.5,0.7
0,0,0,Atrium,0.9,0,0.6,1,0.7
0,0,0,Public_parking,0,0.8,0,0,0.7
