coo: 52.073876_4.293582;E 00:00:00;A 00:00:00;E 01:00:00;A 01:00:00;E 02:00:00;A 02:00:00;E 03:00:00;A 03:00:00;E 04:00:00;A 04:00:00;E 05:00:00;A 05:00:00;E 06:00:00;A 06:00:00;E 07:00:00;A 07:00:00;E 08:00:00;A 08:00:00;E 09:00:00;A 09:00:00;E 10:00:00;A 10:00:00;E 11:00:00;A 11:00:00;E 12:00:00;A 12:00:00;E 13:00:00;A 13:00:00;E 14:00:00;A 14:00:00;E 15:00:00;A 15:00:00;E 16:00:00;A 16:00:00;E 17:00:00;A 17:00:00;E 18:00:00;A 18:00:00;E 19:00:00;A 19:00:00;E 20:00:00;A 20:00:00;E 21:00:00;A 21:00:00;E 22:00:00;A 22:00:00;E 23:00:00;A 23:00:00;
2022-01-01;--;--;--;--;--;--;--;--;--;--;--;--;--;--;--;--;--;--;--;--;0.20;129.79;6.61;142.04;11.42;155.14;14.26;168.99;14.89;183.24;13.25;197.36;9.48;210.91;3.90;223.62;--;--;--;--;--;--;--;--;--;--;--;--;
2022-01-02;--;--;--;--;--;--;--;--;--;--;--;--;--;--;--;--;--;--;--;--;0.22;129.65;6.65;141.90;11.47;155.01;14.33;168.87;14.98;183.13;13.35;197.27;9.60;210.84;4.03;223.57;--;--;--;--;--;--;--;--;--;--;--;--;
2022-01-03;--;--;--;--;--;--;--;--;--;--;--;--;--;--;--;--;--;--;--;--;0.25;129.51;6.69;141.76;11.53;154.87;14.42;168.75;15.08;183.02;13.47;197.18;9.73;210.77;4.17;223.52;--;--;--;--;--;--;--;--;--;--;--;--;
2022-01-04;--;--;--;--;--;--;--;--;--;--;--;--;--;--;--;--;--;--;--;--;0.28;129.37;6.74;141.62;11.60;154.74;14.50;168.62;15.19;182.92;13.59;197.10;9.86;210.70;4.31;223.47;--;--;--;--;--;--;--;--;--;--;--;--;
2022-01-05;--;--;--;--;--;--;--;--;--;--;--;--;--;--;--;--;--;--;--;--;0.32;129.22;6.80;141.48;11.68;154.61;14.60;168.50;15.30;182.81;13.72;197.02;10.00;210.64;4.45;223.43;--;--;--;--;--;--;--;--;--;--;--;--;
2022-01-06;--;--;--;--;--;--;--;--;--;--;--;--;--;--;--;--;--;--;--;--;0.37;129.08;6.86;141.34;11.76;154.47;14.70;168.38;15.42;182.71;13.86;196.94;10.15;210.59;4.61;223.40;--;--;--;--;--;--;--;--;--;--;--;--;
2022-01-07;--;--;--;--;--;--;--;--;--;--;--;--;--;--;--;--;--;--;--;--;0.42;128.93;6.93;141.20;11.85;154.34;14.81;168.26;15.55;182.61;14.00;196.86;10.30;210.54;4.77;223.37;--;--;--;--;--;--;--;--;--;--;--;--;
2022-01-08;--;--;--;--;--;--;--;--;--;--;--;--;--;--;--;--;--;--;--;--;0.48;128.77;7.01;141.05;11.95;154.20;14.93;168.14;15.69;182.51;14.15;196.79;10.46;210.49;4.93;223.34;--;--;--;--;--;--;--;--;--;--;--;--;
2022-01-09;--;--;--;--;--;--;--;--;--;--;--;--;--;--;--;--;--;--;--;--;0.55;128.62;7.10;140.90;12.06;154.07;15.06;168.02;15.83;182.42;14.31;196.72;10.62;210.44;5.10;223.32;--;--;--;--;--;--;--;--;--;--;--;--;
2022-01-10;--;--;--;--;--;--;--;--;--;--;--;--;--;--;--;--;--;--;--;--;0.63;128.46;7.19;140.76;12.17;153.93;15.19;167.91;15.98;182.32;14.47;196.65;10.79;210.40;5.27;223.30;--;--;--;--;--;--;--;--;--;--;--;--;
2022-01-11;--;--;--;--;--;--;--;--;--;--;--;--;--;--;--;--;--;--;--;--;0.71;128.30;7.29;140.61;12.29;153.80;15.33;167.79;16.14;182.23;14.64;196.59;10.97;210.37;5.45;223.29;--;--;--;--;--;--;--;--;--;--;--;--;
2022-01-12;--;--;--;--;--;--;--;--;--;--;--;--;--;--;--;--;--;--;--;--;0.80;128.14;7.40;140.46;12.42;153.66;15.48;167.67;16.30;182.14;14.81;196.53;11.15;210.34;5.64;223.28;--;--;--;--;--;--;--;--;--;--;--;--;
2022-01-13;--;--;--;--;--;--;--;--;--;--;--;--;--;--;--;--;--;--;--;--;0.90;127.98;7.52;140.30;12.55;153.52;15.63;167.56;16.47;182.05;15.00;196.47;11.34;210.31;5.83;223.28;--;--;--;--;--;--;--;--;--;--;--;--;
2022-01-14;--;--;--;--;--;--;--;--;--;--;--;--;--;--;--;--;--;--;--;--;1.00;127.82;7.64;140.15;12.69;153.39;15.79;167.44;16.65;181.97;15.18;196.42;11.54;210.29;6.03;223.29;--;--;--;--;--;--;--;--;--;--;--;--;
2022-01-15;--;--;--;--;--;--;--;--;--;--;--;--;--;--;--;--;--;--;--;--;1.11;127.65;7.77;140.00;12.84;153.25;15.96;167.33;16.84;181.89;15.38;196.37;11.74;210.27;6.23;223.30;-0.76;235.44;--;--;--;--;--;--;--;--;--;--;
2022-01-16;--;--;--;--;--;--;--;--;--;--;--;--;--;--;--;--;--;--;--;--;1.23;127.48;7.90;139.84;13.00;153.11;16.14;167.22;17.03;181.81;15.58;196.33;11.94;210.26;6.43;223.31;-0.55;235.48;--;--;--;--;--;--;--;--;--;--;
2022-01-17;--;--;--;--;--;--;--;--;--;--;--;--;--;--;--;--;--;--;--;--;1.36;127.31;8.05;139.69;13.16;152.98;16.32;167.11;17.22;181.73;15.79;196.28;12.15;210.25;6.64;223.33;-0.34;235.52;--;--;--;--;--;--;--;--;--;--;
2022-01-18;--;--;--;--;--;--;--;--;--;--;--;--;--;--;--;--;--;--;--;--;1.49;127.14;8.20;139.53;13.33;152.84;16.51;167.00;17.43;181.66;16.00;196.25;12.37;210.25;6.86;223.35;-0.13;235.57;--;--;--;--;--;--;--;--;--;--;
2022-01-19;--;--;--;--;--;--;--;--;--;--;--;--;--;--;--;--;--;--;--;--;1.63;126.97;8.35;139.38;13.51;152.70;16.70;166.89;17.64;181.58;16.22;196.21;12.59;210.25;7.08;223.38;0.08;235.62;--;--;--;--;--;--;--;--;--;--;
2022-01-20;--;--;--;--;--;--;--;--;--;--;--;--;--;--;--;--;--;--;--;--;1.77;126.80;8.52;139.22;13.69;152.57;16.90;166.79;17.85;181.51;16.44;196.18;12.82;210.25;7.30;223.42;0.30;235.68;--;--;--;--;--;--;--;--;--;--;
2022-01-21;--;--;--;--;--;--;--;--;--;--;--;--;--;--;--;--;--;--;--;--;1.93;126.63;8.69;139.06;13.88;152.44;17.11;166.68;18.08;181.45;16.67;196.16;13.05;210.26;7.53;223.46;0.52;235.74;--;--;--;--;--;--;--;--;--;--;
2022-01-22;--;--;--;--;--;--;--;--;--;--;--;--;--;--;--;--;--;--;--;--;2.09;126.46;8.86;138.91;14.08;152.30;17.33;166.58;18.30;181.38;16.91;196.13;13.28;210.28;7.76;223.51;0.75;235.81;--;--;--;--;--;--;--;--;--;--;
2022-01-23;--;--;--;--;--;--;--;--;--;--;--;--;--;--;--;--;--;--;--;--;2.25;126.28;9.05;138.75;14.28;152.17;17.55;166.48;18.54;181.32;17.15;196.11;13.53;210.30;8.00;223.56;0.98;235.89;--;--;--;--;--;--;--;--;--;--;
2022-01-24;--;--;--;--;--;--;--;--;--;--;--;--;--;--;--;--;--;--;--;--;2.42;126.11;9.24;138.59;14.49;152.04;17.78;166.38;18.78;181.27;17.40;196.10;13.77;210.32;8.24;223.62;1.21;235.97;--;--;--;--;--;--;--;--;--;--;
2022-01-25;--;--;--;--;--;--;--;--;--;--;--;--;--;--;--;--;--;--;--;--;2.60;125.93;9.44;138.43;14.71;151.90;18.01;166.29;19.02;181.21;17.65;196.09;14.02;210.35;8.48;223.68;1.45;236.06;--;--;--;--;--;--;--;--;--;--;
2022-01-26;--;--;--;--;--;--;--;--;--;--;--;--;--;--;--;--;--;--;--;--;2.79;125.75;9.64;138.28;14.93;151.77;18.25;166.19;19.28;181.16;17.90;196.08;14.28;210.39;8.73;223.75;1.69;236.15;--;--;--;--;--;--;--;--;--;--;
2022-01-27;--;--;--;--;--;--;--;--;--;--;--;--;--;--;--;--;--;--;--;--;2.98;125.58;9.85;138.12;15.16;151.64;18.50;166.10;19.53;181.11;18.17;196.08;14.54;210.43;8.98;223.82;1.93;236.25;--;--;--;--;--;--;--;--;--;--;
2022-01-28;--;--;--;--;--;--;--;--;--;--;--;--;--;--;--;--;--;--;--;--;3.18;125.40;10.06;137.96;15.40;151.51;18.75;166.01;19.80;181.07;18.43;196.08;14.80;210.47;9.24;223.90;2.18;236.35;--;--;--;--;--;--;--;--;--;--;
2022-01-29;--;--;--;--;--;--;--;--;--;--;--;--;--;--;--;--;--;--;--;--;3.38;125.22;10.29;137.80;15.64;151.39;19.00;165.92;20.06;181.03;18.70;196.09;15.07;210.52;9.50;223.98;2.43;236.46;--;--;--;--;--;--;--;--;--;--;
2022-01-30;--;--;--;--;--;--;--;--;--;--;--;--;--;--;--;--;--;--;--;--;3.59;125.04;10.51;137.65;15.88;151.26;19.27;165.83;20.34;180.99;18.98;196.10;15.34;210.58;9.76;224.07;2.68;236.57;--;--;--;--;--;--;--;--;--;--;
2022-01-31;--;--;--;--;--;--;--;--;--;--;--;--;--;--;--;--;--;--;--;--;3.81;124.87;10.75;137.49;16.14;151.13;19.54;165.75;20.62;180.95;19.26;196.12;15.61;210.64;10.03;224.16;2.94;236.69;--;--;--;--;--;--;--;--;--;--;
2022-02-01;--;--;--;--;--;--;--;--;--;--;--;--;--;--;--;--;--;--;--;--;4.03;124.69;10.99;137.34;16.39;151.01;19.81;165.66;20.90;180.92;19.54;196.14;15.89;210.70;10.29;224.26;3.19;236.82;--;--;--;--;--;--;--;--;--;--;
2022-02-02;--;--;--;--;--;--;--;--;--;--;--;--;--;--;--;--;--;--;--;--;4.26;124.51;11.23;137.18;16.66;150.89;20.09;165.58;21.19;180.89;19.83;196.16;16.17;210.77;10.56;224.37;3.45;236.95;--;--;--;--;--;--;--;--;--;--;
2022-02-03;--;--;--;--;--;--;--;--;--;--;--;--;--;--;--;--;--;--;--;--;4.49;124.33;11.49;137.02;16.93;150.76;20.38;165.51;21.48;180.86;20.13;196.19;16.46;210.84;10.84;224.48;3.71;237.09;--;--;--;--;--;--;--;--;--;--;
2022-02-04;--;--;--;--;--;--;--;--;--;--;--;--;--;--;--;--;--;--;--;--;4.73;124.15;11.74;136.87;17.20;150.64;20.67;165.43;21.78;180.84;20.42;196.22;16.75;210.92;11.12;224.59;3.98;237.23;--;--;--;--;--;--;--;--;--;--;
2022-02-05;--;--;--;--;--;--;--;--;--;--;--;--;--;--;--;--;--;--;--;--;4.97;123.97;12.01;136.72;17.48;150.52;20.96;165.36;22.08;180.82;20.73;196.26;17.04;211.01;11.40;224.72;4.24;237.38;--;--;--;--;--;--;--;--;--;--;
2022-02-06;--;--;--;--;--;--;--;--;--;--;--;--;--;--;--;--;--;--;--;--;5.22;123.80;12.27;136.56;17.77;150.40;21.26;165.29;22.39;180.81;21.03;196.30;17.34;211.10;11.68;224.84;4.51;237.53;--;--;--;--;--;--;--;--;--;--;
2022-02-07;--;--;--;--;--;--;--;--;--;--;--;--;--;--;--;--;--;--;--;--;5.48;123.62;12.55;136.41;18.06;150.29;21.57;165.22;22.70;180.80;21.34;196.34;17.64;211.19;11.96;224.97;4.78;237.68;--;--;--;--;--;--;--;--;--;--;
2022-02-08;--;--;--;--;--;--;--;--;--;--;--;--;--;--;--;--;--;--;--;--;5.74;123.44;12.82;136.26;18.36;150.17;21.88;165.15;23.02;180.79;21.65;196.39;17.94;211.29;12.25;225.11;5.06;237.85;--;--;--;--;--;--;--;--;--;--;
2022-02-09;--;--;--;--;--;--;--;--;--;--;--;--;--;--;--;--;--;--;--;--;6.01;123.26;13.11;136.11;18.66;150.06;22.19;165.08;23.34;180.78;21.97;196.45;18.24;211.40;12.54;225.25;5.33;238.01;--;--;--;--;--;--;--;--;--;--;
2022-02-10;--;--;--;--;--;--;--;--;--;--;--;--;--;--;--;--;--;--;--;--;6.28;123.09;13.40;135.96;18.96;149.94;22.51;165.02;23.66;180.78;22.29;196.51;18.55;211.50;12.83;225.40;5.60;238.19;--;--;--;--;--;--;--;--;--;--;
2022-02-11;--;--;--;--;--;--;--;--;--;--;--;--;--;--;--;--;--;--;--;--;6.56;122.91;13.69;135.80;19.27;149.83;22.83;164.96;23.99;180.78;22.61;196.57;18.86;211.62;13.12;225.55;5.88;238.36;--;--;--;--;--;--;--;--;--;--;
2022-02-12;--;--;--;--;--;--;--;--;--;--;--;--;--;--;--;--;--;--;--;--;6.84;122.73;13.99;135.66;19.59;149.72;23.16;164.91;24.32;180.79;22.94;196.64;19.17;211.74;13.42;225.70;6.16;238.55;--;--;--;--;--;--;--;--;--;--;
2022-02-13;--;--;--;--;--;--;--;--;--;--;--;--;--;--;--;--;--;--;--;--;7.12;122.56;14.29;135.51;19.91;149.61;23.49;164.85;24.66;180.80;23.27;196.71;19.49;211.86;13.72;225.87;6.44;238.73;--;--;--;--;--;--;--;--;--;--;
2022-02-14;--;--;--;--;--;--;--;--;--;--;--;--;--;--;--;--;--;--;--;--;7.41;122.38;14.60;135.36;20.23;149.50;23.83;164.80;25.00;180.81;23.60;196.78;19.80;211.99;14.02;226.03;6.72;238.93;--;--;--;--;--;--;--;--;--;--;
2022-02-15;--;--;--;--;--;--;--;--;--;--;--;--;--;--;--;--;--;--;-0.57;110.10;7.71;122.21;14.91;135.21;20.56;149.40;24.17;164.75;25.34;180.82;23.93;196.86;20.12;212.12;14.32;226.20;7.01;239.12;--;--;--;--;--;--;--;--;--;--;
2022-02-16;--;--;--;--;--;--;--;--;--;--;--;--;--;--;--;--;--;--;-0.28;109.91;8.01;122.03;15.22;135.07;20.89;149.29;24.51;164.70;25.69;180.84;24.27;196.95;20.45;212.26;14.62;226.38;7.29;239.32;--;--;--;--;--;--;--;--;--;--;
2022-02-17;--;--;--;--;--;--;--;--;--;--;--;--;--;--;--;--;--;--;0.01;109.72;8.31;121.86;15.54;134.92;21.23;149.19;24.86;164.65;26.03;180.87;24.61;197.04;20.77;212.40;14.92;226.56;7.57;239.53;-0.80;251.62;--;--;--;--;--;--;--;--;
2022-02-18;--;--;--;--;--;--;--;--;--;--;--;--;--;--;--;--;--;--;0.30;109.52;8.62;121.69;15.87;134.77;21.57;149.09;25.21;164.61;26.39;180.89;24.96;197.13;21.09;212.55;15.23;226.75;7.86;239.74;-0.53;251.85;--;--;--;--;--;--;--;--;
2022-02-19;--;--;--;--;--;--;--;--;--;--;--;--;--;--;--;--;--;--;0.60;109.33;8.93;121.51;16.20;134.63;21.91;148.99;25.56;164.57;26.74;180.92;25.30;197.23;21.42;212.70;15.53;226.93;8.15;239.95;-0.25;252.08;--;--;--;--;--;--;--;--;
2022-02-20;--;--;--;--;--;--;--;--;--;--;--;--;--;--;--;--;--;--;0.91;109.14;9.25;121.34;16.53;134.49;22.26;148.89;25.92;164.53;27.10;180.95;25.65;197.33;21.75;212.86;15.84;227.13;8.43;240.17;0.02;252.31;--;--;--;--;--;--;--;--;
2022-02-21;--;--;--;--;--;--;--;--;--;--;--;--;--;--;--;--;--;--;1.21;108.95;9.57;121.17;16.86;134.34;22.61;148.79;26.28;164.49;27.46;180.99;26.00;197.43;22.08;213.02;16.15;227.33;8.72;240.39;0.29;252.55;--;--;--;--;--;--;--;--;
2022-02-22;--;--;--;--;--;--;--;--;--;--;--;--;--;--;--;--;--;--;1.52;108.76;9.89;121.00;17.20;134.20;22.96;148.69;26.64;164.46;27.82;181.03;26.35;197.54;22.41;213.19;16.46;227.53;9.01;240.62;0.57;252.79;--;--;--;--;--;--;--;--;
2022-02-23;--;--;--;--;--;--;--;--;--;--;--;--;--;--;--;--;--;--;1.84;108.57;10.22;120.82;17.54;134.06;23.32;148.60;27.01;164.43;28.19;181.07;26.70;197.66;22.75;213.36;16.77;227.74;9.30;240.85;0.84;253.04;--;--;--;--;--;--;--;--;
2022-02-24;--;--;--;--;--;--;--;--;--;--;--;--;--;--;--;--;--;--;2.16;108.38;10.55;120.65;17.89;133.92;23.68;148.50;27.38;164.40;28.56;181.11;27.06;197.78;23.08;213.53;17.08;227.95;9.59;241.09;1.12;253.29;--;--;--;--;--;--;--;--;
2022-02-25;--;--;--;--;--;--;--;--;--;--;--;--;--;--;--;--;--;--;2.48;108.19;10.88;120.48;18.24;133.78;24.04;148.41;27.75;164.37;28.93;181.16;27.42;197.90;23.42;213.71;17.39;228.17;9.88;241.32;1.39;253.54;--;--;--;--;--;--;--;--;
2022-02-26;--;--;--;--;--;--;--;--;--;--;--;--;--;--;--;--;--;--;2.80;108.00;11.22;120.31;18.59;133.64;24.41;148.32;28.13;164.34;29.30;181.22;27.78;198.02;23.75;213.89;17.70;228.39;10.17;241.57;1.67;253.80;--;--;--;--;--;--;--;--;
2022-02-27;--;--;--;--;--;--;--;--;--;--;--;--;--;--;--;--;--;--;3.13;107.81;11.56;120.15;18.94;133.50;24.78;148.23;28.50;164.32;29.68;181.27;28.14;198.15;24.09;214.08;18.02;228.61;10.46;241.81;1.94;254.06;--;--;--;--;--;--;--;--;
2022-02-28;--;--;--;--;--;--;--;--;--;--;--;--;--;--;--;--;--;--;3.46;107.63;11.90;119.98;19.30;133.37;25.15;148.14;28.88;164.30;30.05;181.33;28.50;198.29;24.43;214.27;18.33;228.84;10.76;242.06;2.22;254.32;--;--;--;--;--;--;--;--;
2022-03-01;--;--;--;--;--;--;--;--;--;--;--;--;--;--;--;--;--;--;3.79;107.44;12.24;119.81;19.66;133.23;25.52;148.05;29.27;164.28;30.43;181.39;28.86;198.42;24.77;214.46;18.64;229.07;11.05;242.31;2.50;254.59;--;--;--;--;--;--;--;--;
2022-03-02;--;--;--;--;--;--;--;--;--;--;--;--;--;--;--;--;--;--;4.13;107.25;12.59;119.64;20.02;133.09;25.90;147.96;29.65;164.26;30.81;181.45;29.23;198.57;25.11;214.66;18.96;229.30;11.34;242.57;2.77;254.85;--;--;--;--;--;--;--;--;
2022-03-03;--;--;--;--;--;--;--;--;--;--;--;--;--;--;--;--;--;--;4.47;107.07;12.94;119.47;20.39;132.96;26.28;147.88;30.04;164.24;31.20;181.52;29.59;198.71;25.45;214.87;19.27;229.54;11.63;242.83;3.05;255.12;--;--;--;--;--;--;--;--;
2022-03-04;--;--;--;--;--;--;--;--;--;--;--;--;--;--;--;--;--;--;4.81;106.88;13.29;119.31;20.75;132.82;26.66;147.79;30.42;164.23;31.58;181.59;29.96;198.86;25.79;215.07;19.58;229.79;11.92;243.09;3.32;255.40;--;--;--;--;--;--;--;--;
2022-03-05;--;--;--;--;--;--;--;--;--;--;--;--;--;--;--;--;--;--;5.15;106.70;13.65;119.14;21.12;132.69;27.04;147.71;30.81;164.22;31.97;181.66;30.32;199.01;26.13;215.28;19.90;230.03;12.21;243.36;3.60;255.68;--;--;--;--;--;--;--;--;
2022-03-06;--;--;--;--;--;--;--;--;--;--;--;--;--;--;--;--;--;--;5.50;106.51;14.00;118.97;21.49;132.55;27.42;147.62;31.21;164.21;32.35;181.74;30.69;199.17;26.47;215.50;20.21;230.28;12.50;243.63;3.88;255.95;--;--;--;--;--;--;--;--;
2022-03-07;--;--;--;--;--;--;--;--;--;--;--;--;--;--;--;--;--;--;5.85;106.33;14.36;118.81;21.87;132.42;27.81;147.54;31.60;164.20;32.74;181.82;31.06;199.33;26.81;215.72;20.53;230.53;12.80;243.90;4.15;256.24;--;--;--;--;--;--;--;--;
2022-03-08;--;--;--;--;--;--;--;--;--;--;--;--;--;--;--;--;--;--;6.20;106.14;14.72;118.64;22.24;132.28;28.20;147.46;31.99;164.19;33.13;181.90;31.43;199.49;27.15;215.94;20.84;230.79;13.09;244.17;4.43;256.52;--;--;--;--;--;--;--;--;
2022-03-09;--;--;--;--;--;--;--;--;--;--;--;--;--;--;--;--;--;--;6.55;105.96;15.08;118.48;22.62;132.15;28.59;147.38;32.39;164.19;33.52;181.98;31.80;199.66;27.50;216.16;21.15;231.05;13.38;244.45;4.70;256.80;--;--;--;--;--;--;--;--;
2022-03-10;--;--;--;--;--;--;--;--;--;--;--;--;--;--;--;--;--;--;6.90;105.78;15.45;118.31;22.99;132.02;28.98;147.30;32.79;164.18;33.91;182.07;32.17;199.83;27.84;216.39;21.47;231.31;13.67;244.73;4.98;257.09;--;--;--;--;--;--;--;--;
2022-03-11;--;--;--;--;--;--;--;--;--;--;--;--;--;--;--;--;--;--;7.25;105.60;15.81;118.15;23.37;131.88;29.37;147.22;33.18;164.18;34.30;182.16;32.54;200.00;28.18;216.62;21.78;231.58;13.96;245.01;5.25;257.38;--;--;--;--;--;--;--;--;
2022-03-12;--;--;--;--;--;--;--;--;--;--;--;--;--;--;--;--;--;--;7.61;105.42;16.18;117.98;23.75;131.75;29.76;147.14;33.58;164.18;34.69;182.25;32.91;200.17;28.52;216.86;22.09;231.84;14.25;245.29;5.53;257.67;--;--;--;--;--;--;--;--;
2022-03-13;--;--;--;--;--;--;--;--;--;--;--;--;--;--;--;--;--;--;7.97;105.23;16.55;117.82;24.13;131.62;30.16;147.06;33.98;164.18;35.08;182.35;33.28;200.35;28.86;217.09;22.40;232.11;14.53;245.58;5.80;257.96;--;--;--;--;--;--;--;--;
2022-03-14;--;--;--;--;--;--;--;--;--;--;--;--;--;--;--;--;-0.78;93.11;8.32;105.05;16.91;117.66;24.51;131.49;30.55;146.98;34.38;164.18;35.47;182.44;33.65;200.53;29.20;217.34;22.71;232.39;14.82;245.86;6.08;258.26;--;--;--;--;--;--;--;--;
2022-03-15;--;--;--;--;--;--;--;--;--;--;--;--;--;--;--;--;-0.43;92.92;8.68;104.87;17.28;117.49;24.90;131.35;30.95;146.90;34.78;164.18;35.87;182.54;34.02;200.72;29.54;217.58;23.02;232.66;15.11;246.15;6.35;258.55;--;--;--;--;--;--;--;--;
2022-03-16;--;--;--;--;--;--;--;--;--;--;--;--;--;--;--;--;-0.07;92.73;9.04;104.69;17.65;117.33;25.28;131.22;31.34;146.83;35.18;164.19;36.26;182.64;34.39;200.91;29.88;217.83;23.33;232.94;15.40;246.45;6.62;258.85;--;--;--;--;--;--;--;--;
2022-03-17;--;--;--;--;--;--;--;--;--;--;--;--;--;--;--;--;0.29;92.55;9.40;104.51;18.02;117.16;25.66;131.09;31.74;146.75;35.59;164.19;36.65;182.74;34.76;201.10;30.22;218.07;23.64;233.22;15.68;246.74;6.89;259.15;--;--;--;--;--;--;--;--;
2022-03-18;--;--;--;--;--;--;--;--;--;--;--;--;--;--;--;--;0.64;92.36;9.76;104.33;18.39;117.00;26.05;130.96;32.13;146.67;35.99;164.20;37.05;182.85;35.13;201.29;30.56;218.33;23.95;233.50;15.97;247.03;7.17;259.45;--;--;--;--;--;--;--;--;
2022-03-19;--;--;--;--;--;--;--;--;--;--;--;--;--;--;--;--;1.00;92.17;10.12;104.15;18.76;116.83;26.43;130.82;32.53;146.59;36.39;164.21;37.44;182.96;35.50;201.49;30.90;218.58;24.26;233.79;16.25;247.33;7.44;259.75;--;--;--;--;--;--;--;--;
2022-03-20;--;--;--;--;--;--;--;--;--;--;--;--;--;--;--;--;1.36;91.99;10.49;103.97;19.13;116.67;26.81;130.69;32.93;146.52;36.79;164.22;37.83;183.07;35.87;201.69;31.23;218.84;24.57;234.07;16.54;247.63;7.71;260.05;--;--;--;--;--;--;--;--;
2022-03-21;--;--;--;--;--;--;--;--;--;--;--;--;--;--;--;--;1.71;91.80;10.85;103.79;19.50;116.50;27.20;130.56;33.32;146.44;37.19;164.22;38.22;183.18;36.24;201.89;31.57;219.10;24.87;234.36;16.82;247.92;7.98;260.35;--;--;--;--;--;--;--;--;
2022-03-22;--;--;--;--;--;--;--;--;--;--;--;--;--;--;--;--;2.07;91.62;11.21;103.61;19.88;116.34;27.58;130.42;33.72;146.36;37.60;164.23;38.62;183.29;36.60;202.09;31.90;219.36;25.18;234.65;17.10;248.22;8.24;260.65;--;--;--;--;--;--;--;--;
2022-03-23;--;--;--;--;--;--;--;--;--;--;--;--;--;--;--;--;2.43;91.44;11.57;103.43;20.25;116.18;27.97;130.29;34.12;146.29;38.00;164.24;39.01;183.40;36.97;202.30;32.24;219.62;25.48;234.94;17.38;248.52;8.51;260.95;-0.67;272.86;--;--;--;--;--;--;
2022-03-24;--;--;--;--;--;--;--;--;--;--;--;--;--;--;--;--;2.78;91.25;11.93;103.25;20.62;116.01;28.35;130.15;34.51;146.21;38.40;164.25;39.40;183.52;37.33;202.50;32.57;219.89;25.78;235.23;17.66;248.83;8.78;261.25;-0.40;273.16;--;--;--;--;--;--;
2022-03-25;--;--;--;--;--;--;--;--;--;--;--;--;--;--;--;--;3.14;91.07;12.29;103.08;20.99;115.84;28.73;130.02;34.91;146.13;38.80;164.27;39.79;183.64;37.70;202.71;32.90;220.15;26.08;235.53;17.94;249.13;9.05;261.56;-0.14;273.46;--;--;--;--;--;--;
2022-03-26;--;--;--;--;--;--;--;--;--;--;--;--;--;--;--;--;3.50;90.89;12.65;102.90;21.35;115.68;29.11;129.88;35.30;146.05;39.20;164.28;40.18;183.76;38.06;202.92;33.23;220.42;26.38;235.82;18.22;249.43;9.31;261.86;0.13;273.76;--;--;--;--;--;--;
2022-03-27;--;--;--;--;--;--;--;--;--;--;--;--;--;--;--;--;13.01;102.72;21.72;115.51;29.49;129.75;35.70;145.97;39.60;164.29;40.57;183.88;38.42;203.14;33.56;220.69;26.68;236.12;18.49;249.73;9.58;262.16;0.39;274.06;-8.66;286.05;--;--;--;--;--;--;
2022-03-28;--;--;--;--;--;--;--;--;--;--;--;--;--;--;--;--;13.37;102.54;22.09;115.35;29.87;129.61;36.09;145.90;40.00;164.30;40.95;184.00;38.79;203.35;33.89;220.97;26.98;236.41;18.77;250.04;9.84;262.46;0.65;274.36;-8.39;286.34;--;--;--;--;--;--;
2022-03-29;--;--;--;--;--;--;--;--;--;--;--;--;--;--;--;--;13.72;102.36;22.45;115.18;30.25;129.47;36.48;145.82;40.39;164.31;41.34;184.12;39.14;203.57;34.21;221.24;27.27;236.71;19.04;250.34;10.10;262.77;0.91;274.66;-8.12;286.63;--;--;--;--;--;--;
2022-03-30;--;--;--;--;--;--;--;--;--;--;--;--;--;--;--;--;14.08;102.18;22.82;115.01;30.63;129.33;36.87;145.74;40.79;164.32;41.73;184.24;39.50;203.79;34.54;221.51;27.57;237.01;19.32;250.64;10.36;263.07;1.17;274.95;-7.85;286.93;--;--;--;--;--;--;
2022-03-31;--;--;--;--;--;--;--;--;--;--;--;--;--;--;--;--;14.43;102.00;23.18;114.84;31.01;129.20;37.26;145.65;41.18;164.34;42.11;184.37;39.86;204.01;34.86;221.79;27.86;237.31;19.59;250.95;10.62;263.37;1.43;275.25;-7.58;287.22;--;--;--;--;--;--;
2022-04-01;--;--;--;--;--;--;--;--;--;--;--;--;--;--;--;--;14.79;101.82;23.54;114.67;31.38;129.06;37.65;145.57;41.58;164.35;42.49;184.49;40.21;204.23;35.18;222.07;28.15;237.61;19.86;251.25;10.88;263.67;1.69;275.55;-7.32;287.51;--;--;--;--;--;--;
2022-04-02;--;--;--;--;--;--;--;--;--;--;--;--;--;--;--;--;15.14;101.64;23.90;114.50;31.76;128.91;38.04;145.49;41.97;164.36;42.87;184.62;40.57;204.45;35.50;222.34;28.44;237.90;20.13;251.55;11.14;263.97;1.95;275.84;-7.05;287.79;--;--;--;--;--;--;
2022-04-03;--;--;--;--;--;--;--;--;--;--;--;--;--;--;--;--;15.49;101.46;24.26;114.33;32.13;128.77;38.42;145.41;42.36;164.37;43.25;184.74;40.92;204.67;35.82;222.62;28.73;238.20;20.39;251.85;11.40;264.27;2.21;276.13;-6.78;288.08;--;--;--;--;--;--;
2022-04-04;--;--;--;--;--;--;--;--;--;--;--;--;--;--;--;--;15.84;101.28;24.62;114.16;32.50;128.63;38.80;145.32;42.75;164.38;43.63;184.87;41.27;204.90;36.14;222.90;29.02;238.50;20.66;252.16;11.66;264.56;2.46;276.42;-6.51;288.36;--;--;--;--;--;--;
2022-04-05;--;--;--;--;--;--;--;--;--;--;--;--;--;--;--;--;16.18;101.10;24.97;113.99;32.86;128.49;39.19;145.23;43.13;164.39;44.01;185.00;41.62;205.12;36.45;223.18;29.30;238.80;20.93;252.46;11.91;264.86;2.72;276.71;-6.25;288.65;--;--;--;--;--;--;
2022-04-06;--;--;--;--;--;--;--;--;--;--;--;--;--;--;--;--;16.53;100.92;25.33;113.82;33.23;128.34;39.57;145.15;43.52;164.40;44.38;185.12;41.96;205.35;36.76;223.46;29.58;239.10;21.19;252.76;12.17;265.16;2.98;277.00;-5.98;288.93;--;--;--;--;--;--;
2022-04-07;--;--;--;--;--;--;--;--;--;--;--;--;--;--;--;--;16.87;100.74;25.68;113.65;33.59;128.20;39.94;145.06;43.90;164.41;44.75;185.25;42.31;205.57;37.07;223.74;29.87;239.40;21.45;253.06;12.42;265.45;3.23;277.29;-5.72;289.20;--;--;--;--;--;--;
2022-04-08;--;--;--;--;--;--;--;--;--;--;--;--;--;--;--;--;17.21;100.56;26.02;113.47;33.95;128.05;40.32;144.97;44.28;164.42;45.12;185.38;42.65;205.80;37.38;224.02;30.15;239.70;21.71;253.35;12.67;265.74;3.48;277.57;-5.46;289.48;--;--;--;--;--;--;
2022-04-09;--;--;--;--;--;--;--;--;--;--;--;--;--;--;8.35;88.36;17.54;100.37;26.37;113.30;34.31;127.90;40.69;144.88;44.66;164.42;45.49;185.51;42.99;206.02;37.69;224.30;30.42;239.99;21.97;253.65;12.92;266.03;3.73;277.86;-5.19;289.75;--;--;--;--;--;--;
2022-04-10;--;--;--;--;--;--;--;--;--;--;--;--;--;--;8.69;88.18;17.88;100.19;26.71;113.13;34.67;127.75;41.06;144.79;45.04;164.43;45.85;185.63;43.33;206.25;37.99;224.58;30.70;240.29;22.23;253.95;13.17;266.32;3.98;278.14;-4.93;290.02;--;--;--;--;--;--;
2022-04-11;--;--;--;--;--;--;--;--;--;--;--;--;--;--;9.02;88.00;18.21;100.01;27.05;112.95;35.02;127.60;41.43;144.69;45.41;164.44;46.22;185.76;43.66;206.48;38.30;224.86;30.97;240.59;22.48;254.24;13.42;266.61;4.23;278.41;-4.67;290.29;--;--;--;--;--;--;
2022-04-12;--;--;--;--;--;--;--;--;--;--;--;--;--;--;9.34;87.82;18.54;99.83;27.39;112.77;35.37;127.45;41.79;144.60;45.78;164.44;46.58;185.89;44.00;206.70;38.60;225.14;31.25;240.88;22.74;254.53;13.67;266.89;4.48;278.69;-4.41;290.56;--;--;--;--;--;--;
2022-04-13;--;--;--;--;--;--;--;--;--;--;--;--;--;--;9.67;87.65;18.87;99.64;27.72;112.60;35.72;127.29;42.15;144.50;46.15;164.44;46.94;186.01;44.33;206.93;38.89;225.41;31.52;241.17;22.99;254.82;13.91;267.17;4.73;278.96;-4.15;290.82;--;--;--;--;--;--;
2022-04-14;--;--;--;--;--;--;--;--;--;--;--;--;--;--;9.99;87.47;19.19;99.46;28.05;112.42;36.06;127.14;42.51;144.40;46.52;164.44;47.29;186.14;44.66;207.16;39.19;225.69;31.78;241.47;23.24;255.11;14.15;267.46;4.98;279.23;-3.90;291.08;--;--;--;--;--;--;
2022-04-15;--;--;--;--;--;--;--;--;--;--;--;--;--;--;10.31;87.29;19.51;99.28;28.38;112.24;36.40;126.98;42.87;144.30;46.88;164.44;47.65;186.26;44.98;207.38;39.48;225.97;32.05;241.76;23.49;255.40;14.40;267.73;5.22;279.50;-3.64;291.34;--;--;--;--;--;--;
2022-04-16;--;--;--;--;--;--;--;--;--;--;--;--;--;--;10.62;87.11;19.83;99.09;28.71;112.06;36.74;126.82;43.22;144.20;47.24;164.44;48.00;186.39;45.31;207.61;39.77;226.24;32.32;242.04;23.74;255.68;14.64;268.01;5.47;279.77;-3.39;291.59;--;--;--;--;--;--;
2022-04-17;--;--;--;--;--;--;--;--;--;--;--;--;--;--;10.93;86.93;20.14;98.91;29.03;111.88;37.08;126.67;43.57;144.09;47.60;164.43;48.34;186.51;45.63;207.83;40.06;226.52;32.58;242.33;23.98;255.97;14.88;268.28;5.71;280.03;-3.13;291.84;--;--;--;--;--;--;
2022-04-18;--;--;--;--;--;--;--;--;--;--;--;--;--;--;11.24;86.75;20.45;98.73;29.34;111.70;37.41;126.50;43.91;143.98;47.95;164.43;48.69;186.63;45.95;208.05;40.35;226.79;32.84;242.62;24.23;256.25;15.12;268.55;5.95;280.29;-2.88;292.09;--;--;--;--;--;--;
2022-04-19;--;--;--;--;--;--;--;--;--;--;--;--;--;--;11.55;86.57;20.75;98.54;29.66;111.52;37.73;126.34;44.26;143.88;48.30;164.42;49.03;186.75;46.26;208.27;40.63;227.06;33.10;242.90;24.47;256.52;15.35;268.82;6.19;280.54;-2.63;292.33;--;--;--;--;--;--;
2022-04-20;--;--;--;--;--;--;--;--;--;--;--;--;--;--;11.85;86.39;21.06;98.36;29.97;111.33;38.06;126.18;44.60;143.77;48.65;164.41;49.37;186.87;46.57;208.49;40.91;227.33;33.35;243.18;24.71;256.80;15.59;269.08;6.43;280.80;-2.38;292.57;--;--;--;--;--;--;
2022-04-21;--;--;--;--;--;--;--;--;--;--;--;--;--;--;12.15;86.22;21.36;98.17;30.27;111.15;38.37;126.01;44.93;143.65;48.99;164.40;49.71;186.98;46.88;208.71;41.19;227.60;33.60;243.46;24.95;257.07;15.82;269.35;6.66;281.05;-2.13;292.81;--;--;--;--;--;--;
2022-04-22;--;--;--;--;--;--;--;--;--;--;--;--;--;--;12.44;86.04;21.65;97.99;30.58;110.97;38.69;125.85;45.26;143.54;49.34;164.38;50.04;187.10;47.19;208.93;41.47;227.86;33.86;243.73;25.19;257.34;16.05;269.60;6.90;281.29;-1.89;293.04;--;--;--;--;--;--;
2022-04-23;--;--;--;--;--;--;--;--;--;--;--;--;--;--;12.73;85.86;21.94;97.80;30.87;110.78;39.00;125.68;45.59;143.42;49.67;164.36;50.37;187.21;47.49;209.14;41.74;228.12;34.10;244.01;25.42;257.61;16.28;269.86;7.13;281.54;-1.64;293.27;--;--;--;--;--;--;
2022-04-24;--;--;--;--;--;--;--;--;--;--;--;--;--;--;13.02;85.68;22.23;97.62;31.17;110.60;39.31;125.51;45.91;143.30;50.01;164.35;50.69;187.32;47.79;209.36;42.01;228.39;34.35;244.28;25.65;257.87;16.51;270.11;7.36;281.78;-1.40;293.50;--;--;--;--;--;--;
2022-04-25;--;--;--;--;--;--;--;--;--;--;--;--;--;--;13.30;85.50;22.51;97.43;31.46;110.41;39.61;125.34;46.23;143.18;50.33;164.32;51.01;187.43;48.09;209.57;42.28;228.64;34.60;244.54;25.88;258.13;16.74;270.36;7.60;282.01;-1.16;293.72;--;--;--;--;--;--;
2022-04-26;--;--;--;--;--;--;--;--;--;--;--;--;--;--;13.58;85.33;22.79;97.25;31.74;110.22;39.91;125.17;46.54;143.06;50.66;164.30;51.33;187.54;48.38;209.78;42.54;228.90;34.84;244.81;26.11;258.39;16.96;270.61;7.82;282.25;-0.92;293.94;--;--;--;--;--;--;
2022-04-27;--;--;--;--;--;--;--;--;--;--;--;--;--;--;13.85;85.15;23.06;97.06;32.02;110.04;40.20;125.00;46.85;142.93;50.98;164.27;51.65;187.64;48.67;209.98;42.80;229.15;35.08;245.07;26.34;258.64;17.18;270.85;8.05;282.48;-0.68;294.16;-8.62;306.40;--;--;--;--;
2022-04-28;--;--;--;--;--;--;--;--;--;--;--;--;--;--;14.12;84.97;23.33;96.87;32.30;109.85;40.49;124.82;47.16;142.80;51.30;164.24;51.96;187.74;48.96;210.19;43.06;229.40;35.31;245.33;26.56;258.89;17.40;271.09;8.28;282.70;-0.44;294.37;-8.37;306.59;--;--;--;--;
2022-04-29;--;--;--;--;--;--;--;--;--;--;--;--;--;--;14.38;84.80;23.59;96.69;32.57;109.66;40.77;124.64;47.46;142.67;51.61;164.21;52.27;187.84;49.25;210.39;43.32;229.65;35.55;245.58;26.78;259.14;17.62;271.32;8.50;282.92;-0.21;294.57;-8.12;306.78;--;--;--;--;
2022-04-30;--;--;--;--;--;--;--;--;--;--;--;--;--;--;14.64;84.62;23.85;96.50;32.83;109.47;41.05;124.47;47.76;142.54;51.92;164.18;52.57;187.94;49.53;210.59;43.57;229.89;35.78;245.83;27.01;259.38;17.84;271.55;8.72;283.14;0.02;294.78;-7.87;306.97;--;--;--;--;
2022-05-01;--;--;--;--;--;--;--;--;--;--;--;--;--;--;14.90;84.45;24.11;96.32;33.10;109.28;41.33;124.29;48.05;142.41;52.22;164.14;52.87;188.03;49.80;210.78;43.82;230.13;36.01;246.08;27.22;259.62;18.05;271.78;8.94;283.35;0.25;294.97;-7.62;307.15;--;--;--;--;
2022-05-02;--;--;--;--;--;--;--;--;--;--;--;--;--;--;15.15;84.27;24.36;96.13;33.35;109.09;41.60;124.11;48.34;142.27;52.52;164.10;53.17;188.12;50.08;210.98;44.07;230.37;36.24;246.32;27.44;259.85;18.27;272.00;9.16;283.56;0.48;295.17;-7.38;307.32;--;--;--;--;
2022-05-03;--;--;--;--;--;--;--;--;--;--;--;--;--;--;15.39;84.10;24.60;95.95;33.60;108.90;41.86;123.93;48.62;142.13;52.82;164.05;53.46;188.21;50.35;211.16;44.31;230.60;36.46;246.56;27.65;260.08;18.48;272.22;9.37;283.76;0.71;295.36;-7.14;307.49;--;--;--;--;
2022-05-04;--;--;--;--;--;--;--;--;--;--;--;--;--;--;15.63;83.92;24.84;95.77;33.85;108.71;42.12;123.75;48.90;141.99;53.11;164.00;53.74;188.29;50.61;211.35;44.56;230.83;36.68;246.79;27.86;260.31;18.69;272.43;9.59;283.96;0.93;295.54;-6.90;307.66;--;--;--;--;
2022-05-05;--;--;--;--;--;--;--;--;--;--;--;--;--;--;15.87;83.75;25.08;95.58;34.09;108.53;42.38;123.57;49.17;141.85;53.39;163.95;54.03;188.37;50.88;211.53;44.79;231.05;36.90;247.03;28.07;260.53;18.89;272.64;9.80;284.16;1.15;295.72;-6.67;307.82;--;--;--;--;
2022-05-06;--;--;--;--;--;--;--;--;--;--;--;--;--;--;16.10;83.58;25.31;95.40;34.33;108.34;42.62;123.38;49.43;141.70;53.68;163.90;54.31;188.45;51.14;211.71;45.03;231.28;37.12;247.25;28.28;260.75;19.10;272.84;10.01;284.35;1.37;295.90;-6.43;307.98;--;--;--;--;
2022-05-07;--;--;--;--;--;--;--;--;--;--;--;--;--;--;16.32;83.41;25.53;95.22;34.56;108.15;42.87;123.20;49.69;141.55;53.95;163.84;54.58;188.52;51.39;211.88;45.26;231.49;37.33;247.47;28.48;260.96;19.30;273.04;10.21;284.54;1.59;296.07;-6.20;308.13;--;--;--;--;
2022-05-08;--;--;--;--;--;--;--;--;--;--;--;--;--;--;16.54;83.24;25.75;95.03;34.78;107.96;43.11;123.01;49.95;141.40;54.22;163.78;54.85;188.59;51.64;212.05;45.49;231.70;37.54;247.69;28.68;261.17;19.50;273.24;10.42;284.72;1.80;296.24;-5.98;308.28;--;--;--;--;
2022-05-09;--;--;--;--;--;--;--;--;--;--;--;--;7.77;71.66;16.76;83.07;25.97;94.85;35.00;107.77;43.34;122.83;50.20;141.25;54.49;163.72;55.12;188.65;51.89;212.22;45.71;231.91;37.75;247.90;28.88;261.38;19.70;273.43;10.62;284.90;2.01;296.40;-5.75;308.43;--;--;--;--;
2022-05-10;--;--;--;--;--;--;--;--;--;--;--;--;7.98;71.50;16.96;82.90;26.17;94.67;35.21;107.58;43.56;122.64;50.44;141.10;54.75;163.66;55.38;188.72;52.13;212.38;45.93;232.11;37.95;248.11;29.08;261.57;19.89;273.62;10.82;285.07;2.22;296.56;-5.53;308.57;--;--;--;--;
2022-05-11;--;--;--;--;--;--;--;--;--;--;--;--;8.19;71.35;17.17;82.73;26.38;94.49;35.42;107.39;43.78;122.46;50.68;140.95;55.00;163.59;55.63;188.77;52.37;212.54;46.15;232.31;38.16;248.31;29.27;261.77;20.08;273.80;11.01;285.24;2.43;296.71;-5.31;308.70;--;--;--;--;
2022-05-12;--;--;--;--;--;--;--;--;--;--;--;--;8.39;71.19;17.37;82.57;26.58;94.32;35.63;107.20;44.00;122.27;50.92;140.79;55.25;163.51;55.88;188.82;52.61;212.69;46.37;232.50;38.35;248.51;29.46;261.96;20.27;273.97;11.21;285.40;2.63;296.86;-5.10;308.83;--;--;--;--;
2022-05-13;--;--;--;--;--;--;--;--;--;--;--;--;8.59;71.04;17.56;82.40;26.77;94.14;35.82;107.02;44.21;122.08;51.14;140.63;55.50;163.44;56.13;188.87;52.84;212.83;46.58;232.69;38.55;248.70;29.65;262.14;20.46;274.15;11.40;285.56;2.83;297.01;-4.89;308.96;--;--;--;--;
2022-05-14;--;--;--;--;--;--;--;--;--;--;--;--;8.79;70.89;17.75;82.24;26.95;93.96;36.01;106.83;44.41;121.90;51.37;140.47;55.74;163.36;56.37;188.92;53.07;212.98;46.78;232.87;38.74;248.89;29.83;262.32;20.64;274.31;11.59;285.71;3.03;297.14;-4.68;309.08;--;--;--;--;
2022-05-15;--;--;--;--;--;--;--;--;--;--;--;--;8.97;70.74;17.93;82.07;27.13;93.79;36.20;106.65;44.61;121.71;51.58;140.31;55.97;163.28;56.61;188.96;53.29;213.11;46.99;233.05;38.93;249.07;30.02;262.49;20.82;274.47;11.77;285.86;3.22;297.28;-4.48;309.20;--;--;--;--;
2022-05-16;--;--;--;--;--;--;--;--;--;--;--;--;9.16;70.59;18.11;81.91;27.31;93.61;36.38;106.46;44.80;121.53;51.79;140.15;56.20;163.19;56.84;188.99;53.51;213.24;47.19;233.22;39.12;249.25;30.20;262.66;21.00;274.63;11.96;286.00;3.41;297.41;-4.27;309.31;--;--;--;--;
2022-05-17;--;--;--;--;--;--;--;--;--;--;--;--;9.33;70.45;18.28;81.75;27.48;93.44;36.55;106.28;44.99;121.34;51.99;139.99;56.42;163.10;57.06;189.02;53.72;213.37;47.38;233.39;39.30;249.42;30.37;262.82;21.18;274.78;12.14;286.14;3.60;297.53;-4.08;309.42;--;--;--;--;
2022-05-18;--;--;--;--;--;--;--;--;--;--;--;--;9.50;70.30;18.44;81.60;27.64;93.27;36.72;106.10;45.17;121.16;52.19;139.82;56.63;163.01;57.29;189.05;53.93;213.49;47.58;233.55;39.48;249.58;30.55;262.98;21.35;274.93;12.31;286.28;3.78;297.65;-3.88;309.52;--;--;--;--;
2022-05-19;--;--;--;--;--;--;--;--;--;--;--;--;9.67;70.16;18.60;81.44;27.80;93.10;36.88;105.92;45.34;120.97;52.38;139.66;56.84;162.92;57.50;189.07;54.13;213.61;47.77;233.70;39.66;249.74;30.72;263.13;21.52;275.07;12.49;286.41;3.96;297.77;-3.69;309.62;--;--;--;--;
2022-05-20;--;--;--;--;--;--;--;--;--;--;--;--;9.83;70.02;18.75;81.29;27.95;92.94;37.04;105.74;45.51;120.79;52.57;139.49;57.05;162.82;57.71;189.09;54.33;213.72;47.95;233.85;39.83;249.90;30.88;263.28;21.69;275.20;12.66;286.53;4.14;297.88;-3.51;309.71;--;--;--;--;
2022-05-21;--;--;--;--;--;--;--;--;--;--;--;--;9.98;69.88;18.90;81.14;28.10;92.77;37.19;105.57;45.67;120.61;52.75;139.33;57.24;162.72;57.92;189.10;54.53;213.82;48.13;233.99;40.00;250.04;31.05;263.42;21.85;275.33;12.82;286.65;4.31;297.98;-3.32;309.80;--;--;--;--;
2022-05-22;--;--;--;--;--;--;--;--;--;--;--;--;10.13;69.74;19.04;80.99;28.24;92.61;37.33;105.39;45.82;120.43;52.92;139.16;57.43;162.62;58.11;189.11;54.72;213.92;48.31;234.13;40.17;250.19;31.21;263.55;22.01;275.46;12.99;286.76;4.49;298.08;-3.14;309.88;--;--;--;--;
2022-05-23;--;--;--;--;--;--;--;--;--;--;--;--;10.27;69.60;19.18;80.84;28.37;92.45;37.47;105.22;45.97;120.25;53.09;138.99;57.62;162.51;58.31;189.11;54.91;214.01;48.48;234.26;40.33;250.32;31.37;263.68;22.17;275.58;13.15;286.87;4.65;298.18;-2.97;309.96;--;--;--;--;
2022-05-24;--;--;--;--;--;--;--;--;--;--;--;--;10.41;69.47;19.31;80.69;28.50;92.29;37.60;105.05;46.11;120.07;53.25;138.83;57.80;162.40;58.50;189.10;55.09;214.09;48.65;234.38;40.49;250.45;31.52;263.81;22.33;275.69;13.31;286.97;4.82;298.27;-2.80;310.04;--;--;--;--;
2022-05-25;--;--;--;--;--;--;--;--;--;--;--;--;10.54;69.34;19.43;80.55;28.62;92.14;37.73;104.88;46.25;119.89;53.40;138.66;57.97;162.29;58.68;189.10;55.26;214.17;48.81;234.50;40.64;250.57;31.67;263.92;22.48;275.80;13.46;287.07;4.97;298.35;-2.63;310.10;--;--;--;--;
2022-05-26;--;--;--;--;--;--;--;--;--;--;--;--;10.66;69.21;19.55;80.41;28.74;91.98;37.85;104.71;46.38;119.72;53.55;138.50;58.14;162.18;58.85;189.08;55.43;214.24;48.97;234.61;40.80;250.69;31.82;264.04;22.62;275.90;13.61;287.16;5.13;298.43;-2.47;310.17;--;--;--;--;
2022-05-27;--;--;--;--;--;--;--;--;--;--;--;--;10.78;69.08;19.66;80.27;28.85;91.83;37.96;104.55;46.50;119.55;53.69;138.33;58.30;162.07;59.02;189.07;55.60;214.31;49.13;234.71;40.94;250.80;31.96;264.14;22.77;276.00;13.76;287.25;5.28;298.50;-2.31;310.23;--;--;--;--;
2022-05-28;--;--;--;--;--;--;--;--;--;--;--;--;10.89;68.95;19.77;80.13;28.95;91.69;38.07;104.39;46.62;119.38;53.82;138.17;58.45;161.95;59.19;189.04;55.76;214.37;49.28;234.81;41.09;250.90;32.11;264.24;22.91;276.09;13.90;287.33;5.43;298.57;-2.16;310.29;--;--;--;--;
2022-05-29;--;--;--;--;--;--;--;--;--;--;--;--;11.00;68.83;19.87;80.00;29.05;91.54;38.17;104.23;46.73;119.21;53.95;138.01;58.60;161.83;59.35;189.02;55.92;214.43;49.43;234.90;41.23;251.00;32.24;264.33;23.04;276.17;14.04;287.40;5.57;298.64;-2.01;310.34;--;--;--;--;
2022-05-30;--;--;--;--;--;--;--;--;--;--;--;--;11.10;68.71;19.96;79.87;29.14;91.40;38.27;104.08;46.84;119.04;54.07;137.84;58.74;161.71;59.50;188.99;56.07;214.47;49.57;234.98;41.37;251.09;32.38;264.42;23.18;276.25;14.18;287.47;5.71;298.70;-1.87;310.38;--;--;--;--;
2022-05-31;--;--;--;--;--;--;--;--;--;--;--;--;11.19;68.59;20.05;79.74;29.23;91.26;38.36;103.93;46.93;118.88;54.18;137.68;58.87;161.59;59.65;188.95;56.21;214.51;49.71;235.06;41.50;251.18;32.50;264.50;23.31;276.33;14.31;287.54;5.85;298.75;-1.73;310.43;--;--;--;--;
2022-06-01;--;--;--;--;--;--;--;--;--;--;--;--;11.28;68.48;20.13;79.62;29.31;91.13;38.44;103.78;47.03;118.72;54.29;137.52;59.00;161.47;59.79;188.91;56.35;214.55;49.84;235.13;41.63;251.26;32.63;264.58;23.43;276.40;14.43;287.60;5.98;298.80;-1.59;310.46;--;--;--;--;
2022-06-02;--;--;--;--;--;--;--;--;--;--;--;--;11.36;68.37;20.21;79.50;29.39;91.00;38.52;103.64;47.11;118.57;54.39;137.37;59.12;161.35;59.92;188.86;56.49;214.58;49.97;235.19;41.75;251.33;32.75;264.65;23.55;276.46;14.56;287.65;6.10;298.85;-1.46;310.50;--;--;--;--;
2022-06-03;--;--;--;--;--;--;--;--;--;--;--;--;11.44;68.26;20.28;79.38;29.45;90.87;38.59;103.50;47.19;118.41;54.49;137.21;59.23;161.22;60.05;188.81;56.62;214.60;50.10;235.24;41.87;251.39;32.87;264.71;23.67;276.52;14.68;287.70;6.23;298.89;-1.34;310.53;--;--;--;--;
2022-06-04;--;--;--;--;--;--;--;--;--;--;--;--;11.51;68.15;20.35;79.26;29.52;90.74;38.65;103.36;47.27;118.27;54.57;137.06;59.34;161.10;60.17;188.76;56.74;214.61;50.22;235.29;41.99;251.45;32.98;264.77;23.78;276.57;14.79;287.75;6.34;298.93;-1.22;310.55;--;--;--;--;
2022-06-05;--;--;--;--;--;--;--;--;--;--;--;--;11.57;68.05;20.41;79.15;29.57;90.62;38.71;103.23;47.33;118.12;54.65;136.91;59.44;160.97;60.28;188.70;56.86;214.62;50.33;235.33;42.10;251.50;33.09;264.82;23.89;276.61;14.90;287.79;6.46;298.96;-1.11;310.57;--;--;--;--;
2022-06-06;--;--;--;--;--;--;--;--;--;--;--;--;11.63;67.95;20.46;79.05;29.63;90.51;38.77;103.10;47.39;117.98;54.73;136.76;59.53;160.85;60.39;188.64;56.97;214.62;50.44;235.37;42.20;251.55;33.20;264.86;24.00;276.65;15.01;287.82;6.56;298.98;-1.00;310.58;--;--;--;--;
2022-06-07;--;--;--;--;--;--;--;--;--;--;--;--;11.68;67.85;20.51;78.94;29.67;90.39;38.82;102.98;47.45;117.84;54.80;136.62;59.62;160.72;60.49;188.57;57.08;214.62;50.55;235.40;42.31;251.58;33.30;264.90;24.10;276.69;15.11;287.85;6.67;299.00;-0.89;310.60;--;--;--;--;
2022-06-08;--;--;--;--;--;--;--;--;--;--;--;--;11.73;67.75;20.55;78.84;29.71;90.28;38.86;102.86;47.50;117.71;54.86;136.48;59.70;160.60;60.59;188.50;57.18;214.60;50.65;235.42;42.40;251.61;33.40;264.93;24.20;276.72;15.21;287.87;6.77;299.02;-0.79;310.60;-7.10;322.92;--;--;
2022-06-09;--;--;--;--;--;--;--;--;--;--;--;--;11.77;67.66;20.58;78.75;29.75;90.18;38.89;102.74;47.54;117.58;54.91;136.34;59.77;160.48;60.68;188.43;57.27;214.59;50.74;235.43;42.50;251.64;33.49;264.96;24.29;276.74;15.30;287.89;6.86;299.03;-0.70;310.61;-7.01;322.92;--;--;
2022-06-10;--;--;--;--;--;--;--;--;--;--;--;--;11.81;67.58;20.61;78.65;29.78;90.08;38.92;102.63;47.58;117.46;54.96;136.21;59.84;160.35;60.76;188.35;57.36;214.56;50.83;235.44;42.59;251.66;33.58;264.98;24.38;276.76;15.39;287.91;6.95;299.04;-0.61;310.60;-6.92;322.90;--;--;
2022-06-11;--;--;--;--;--;--;--;--;--;--;--;--;11.83;67.49;20.64;78.56;29.80;89.98;38.95;102.53;47.61;117.34;55.00;136.08;59.90;160.23;60.83;188.27;57.45;214.53;50.92;235.44;42.67;251.67;33.66;264.99;24.46;276.77;15.47;287.91;7.03;299.04;-0.53;310.60;-6.84;322.89;--;--;
2022-06-12;--;--;--;--;--;--;--;--;--;--;--;--;11.86;67.41;20.66;78.48;29.82;89.89;38.97;102.42;47.63;117.23;55.04;135.95;59.95;160.11;60.90;188.18;57.52;214.50;51.00;235.43;42.75;251.67;33.74;265.00;24.54;276.78;15.55;287.92;7.11;299.04;-0.45;310.59;-6.76;322.87;--;--;
2022-06-13;--;--;--;--;--;--;--;--;--;--;--;--;11.87;67.34;20.67;78.40;29.83;89.81;38.98;102.33;47.65;117.12;55.07;135.83;60.00;159.99;60.96;188.10;57.59;214.45;51.07;235.42;42.82;251.67;33.81;265.00;24.61;276.78;15.62;287.92;7.18;299.03;-0.38;310.58;-6.69;322.85;--;--;
2022-06-14;--;--;--;--;--;--;--;--;--;--;--;--;11.89;67.27;20.68;78.32;29.83;89.73;38.99;102.24;47.66;117.01;55.09;135.72;60.03;159.87;61.02;188.01;57.66;214.41;51.14;235.40;42.89;251.66;33.88;265.00;24.68;276.78;15.69;287.91;7.25;299.02;-0.31;310.56;-6.63;322.82;--;--;
2022-06-15;--;--;--;--;--;--;--;--;--;--;--;--;11.89;67.20;20.68;78.25;29.83;89.65;38.99;102.15;47.67;116.92;55.11;135.60;60.07;159.76;61.07;187.92;57.72;214.35;51.20;235.37;42.96;251.65;33.95;264.99;24.75;276.77;15.76;287.90;7.31;299.01;-0.25;310.54;-6.57;322.79;--;--;
2022-06-16;--;--;--;--;--;--;--;--;--;--;--;--;11.89;67.13;20.68;78.19;29.83;89.58;38.99;102.07;47.67;116.82;55.12;135.50;60.09;159.64;61.11;187.82;57.77;214.29;51.26;235.34;43.02;251.63;34.01;264.97;24.81;276.75;15.82;287.88;7.37;298.99;-0.19;310.51;-6.52;322.76;--;--;
2022-06-17;--;--;--;--;--;--;--;--;--;--;--;--;11.89;67.07;20.67;78.12;29.82;89.51;38.98;102.00;47.66;116.74;55.12;135.40;60.11;159.53;61.14;187.72;57.82;214.23;51.31;235.29;43.07;251.60;34.06;264.95;24.86;276.73;15.87;287.86;7.42;298.96;-0.15;310.48;-6.47;322.73;--;--;
2022-06-18;--;--;--;--;--;--;--;--;--;--;--;--;11.88;67.02;20.66;78.07;29.81;89.45;38.96;101.93;47.65;116.66;55.12;135.30;60.12;159.42;61.17;187.63;57.86;214.16;51.36;235.25;43.12;251.57;34.11;264.93;24.91;276.71;15.92;287.84;7.47;298.93;-0.10;310.45;-6.43;322.69;--;--;
2022-06-19;--;--;--;--;--;--;--;--;--;--;--;--;11.86;66.97;20.64;78.01;29.79;89.39;38.94;101.87;47.64;116.58;55.11;135.21;60.12;159.32;61.19;187.53;57.89;214.08;51.40;235.20;43.16;251.53;34.15;264.89;24.95;276.68;15.96;287.80;7.51;298.90;-0.06;310.42;-6.40;322.65;--;--;
2022-06-20;--;--;--;--;--;--;--;--;--;--;--;--;11.84;66.92;20.61;77.96;29.76;89.34;38.92;101.81;47.62;116.51;55.10;135.12;60.12;159.22;61.21;187.42;57.92;214.00;51.43;235.14;43.20;251.48;34.19;264.86;24.99;276.64;16.00;287.77;7.54;298.87;-0.03;310.38;-6.37;322.61;--;--;
2022-06-21;--;--;--;--;--;--;--;--;--;--;--;--;11.81;66.88;20.58;77.92;29.73;89.29;38.89;101.76;47.59;116.45;55.08;135.04;60.11;159.12;61.21;187.32;57.94;213.91;51.46;235.07;43.23;251.43;34.23;264.81;25.03;276.60;16.03;287.73;7.57;298.82;-0.01;310.33;-6.35;322.56;--;--;
2022-06-22;--;--;--;--;--;--;--;--;--;--;--;--;11.78;66.84;20.55;77.88;29.69;89.25;38.85;101.71;47.56;116.39;55.05;134.97;60.10;159.02;61.21;187.22;57.95;213.82;51.49;235.00;43.26;251.38;34.26;264.76;25.06;276.56;16.06;287.69;7.60;298.78;0.01;310.29;-6.34;322.51;--;--;
2022-06-23;--;--;--;--;--;--;--;--;--;--;--;--;11.74;66.80;20.51;77.85;29.65;89.22;38.81;101.67;47.52;116.34;55.02;134.90;60.07;158.93;61.21;187.11;57.96;213.73;51.50;234.92;43.28;251.31;34.28;264.71;25.08;276.51;16.08;287.64;7.62;298.73;0.03;310.24;-6.33;322.46;--;--;
2022-06-24;--;--;--;--;--;--;--;--;--;--;--;--;11.70;66.77;20.47;77.82;29.61;89.19;38.77;101.64;47.47;116.30;54.98;134.84;60.05;158.84;61.19;187.01;57.96;213.63;51.51;234.84;43.30;251.24;34.30;264.65;25.10;276.45;16.10;287.59;7.63;298.68;0.03;310.19;-6.33;322.41;--;--;
2022-06-25;--;--;--;--;--;--;--;--;--;--;--;--;11.65;66.75;20.42;77.80;29.56;89.17;38.72;101.61;47.43;116.27;54.93;134.79;60.01;158.76;61.17;186.90;57.96;213.53;51.52;234.75;43.31;251.17;34.31;264.58;25.11;276.39;16.11;287.53;7.64;298.62;0.04;310.13;-6.34;322.35;--;--;
2022-06-26;--;--;--;--;--;--;--;--;--;--;--;--;11.60;66.73;20.36;77.78;29.50;89.15;38.66;101.59;47.37;116.24;54.88;134.74;59.97;158.68;61.14;186.80;57.95;213.42;51.52;234.66;43.32;251.09;34.32;264.51;25.12;276.33;16.11;287.47;7.64;298.56;0.03;310.07;-6.35;322.29;--;--;
2022-06-27;--;--;--;--;--;--;--;--;--;--;--;--;11.54;66.71;20.30;77.77;29.44;89.14;38.60;101.57;47.31;116.21;54.83;134.70;59.92;158.61;61.11;186.69;57.93;213.31;51.51;234.56;43.32;251.00;34.32;264.44;25.12;276.26;16.11;287.40;7.63;298.50;0.02;310.01;-6.37;322.23;--;--;
2022-06-28;--;--;--;--;--;--;--;--;--;--;--;--;11.47;66.70;20.24;77.76;29.38;89.13;38.54;101.57;47.25;116.20;54.76;134.66;59.86;158.54;61.07;186.59;57.90;213.19;51.50;234.46;43.31;250.91;34.32;264.36;25.12;276.19;16.10;287.33;7.62;298.44;0.00;309.94;-6.39;322.17;--;--;
2022-06-29;--;--;--;--;--;--;--;--;--;--;--;--;11.41;66.69;20.17;77.76;29.31;89.13;38.47;101.56;47.18;116.19;54.70;134.63;59.80;158.47;61.02;186.48;57.87;213.08;51.48;234.35;43.30;250.82;34.31;264.27;25.11;276.11;16.09;287.26;7.61;298.37;-0.02;309.88;-6.42;322.10;--;--;
2022-06-30;--;--;--;--;--;--;--;--;--;--;--;--;11.33;66.69;20.10;77.76;29.24;89.13;38.40;101.57;47.11;116.18;54.62;134.61;59.73;158.41;60.96;186.38;57.83;212.96;51.45;234.23;43.28;250.72;34.30;264.18;25.09;276.03;16.07;287.18;7.58;298.29;-0.05;309.81;-6.46;322.04;--;--;
2022-07-01;--;--;--;--;--;--;--;--;--;--;--;--;11.26;66.70;20.02;77.77;29.16;89.14;38.32;101.58;47.03;116.19;54.54;134.60;59.66;158.36;60.90;186.28;57.79;212.83;51.42;234.12;43.26;250.61;34.28;264.09;25.07;275.94;16.05;287.10;7.55;298.22;-0.08;309.73;-6.50;321.97;--;--;
2022-07-02;--;--;--;--;--;--;--;--;--;--;--;--;11.17;66.71;19.94;77.78;29.08;89.16;38.24;101.60;46.94;116.20;54.46;134.59;59.58;158.31;60.83;186.18;57.73;212.71;51.39;233.99;43.23;250.50;34.25;263.99;25.04;275.85;16.02;287.02;7.52;298.14;-0.13;309.66;-6.55;321.90;--;--;
2022-07-03;--;--;--;--;--;--;--;--;--;--;--;--;11.08;66.72;19.85;77.80;28.99;89.18;38.15;101.62;46.86;116.22;54.37;134.59;59.49;158.27;60.76;186.08;57.67;212.58;51.34;233.87;43.19;250.39;34.22;263.89;25.01;275.76;15.99;286.93;7.48;298.05;-0.17;309.58;-6.61;321.83;--;--;
2022-07-04;--;--;--;--;--;--;--;--;--;--;--;--;10.99;66.74;19.76;77.83;28.90;89.21;38.06;101.65;46.76;116.24;54.28;134.59;59.40;158.23;60.67;185.98;57.61;212.45;51.29;233.74;43.15;250.27;34.18;263.78;24.98;275.66;15.95;286.84;7.43;297.97;-0.23;309.50;-6.67;321.75;--;--;
2022-07-05;--;--;--;--;--;--;--;--;--;--;--;--;10.90;66.76;19.66;77.86;28.80;89.25;37.96;101.69;46.66;116.28;54.18;134.61;59.30;158.20;60.58;185.89;57.54;212.32;51.23;233.60;43.10;250.15;34.14;263.67;24.93;275.56;15.90;286.75;7.38;297.88;-0.29;309.42;-6.74;321.68;--;--;
2022-07-06;--;--;--;--;--;--;--;--;--;--;--;--;10.80;66.79;19.56;77.89;28.70;89.29;37.86;101.73;46.56;116.32;54.07;134.63;59.19;158.17;60.49;185.79;57.46;212.18;51.17;233.47;43.05;250.02;34.09;263.55;24.88;275.45;15.85;286.65;7.32;297.79;-0.36;309.33;-6.82;321.60;--;--;
2022-07-07;--;--;--;--;--;--;--;--;--;--;--;--;10.69;66.83;19.46;77.93;28.60;89.34;37.76;101.78;46.46;116.36;53.96;134.66;59.08;158.15;60.38;185.70;57.37;212.05;51.10;233.32;42.99;249.89;34.03;263.43;24.83;275.34;15.79;286.55;7.26;297.69;-0.43;309.24;-6.90;321.52;--;--;
2022-07-08;--;--;--;--;--;--;--;--;--;--;--;--;10.58;66.86;19.35;77.98;28.49;89.39;37.65;101.84;46.34;116.42;53.84;134.69;58.96;158.14;60.27;185.62;57.28;211.91;51.02;233.18;42.93;249.75;33.97;263.31;24.77;275.23;15.72;286.44;7.18;297.60;-0.51;309.15;-6.99;321.44;--;--;
2022-07-09;--;--;--;--;--;--;--;--;--;--;--;--;10.47;66.91;19.24;78.03;28.38;89.45;37.54;101.90;46.23;116.48;53.72;134.74;58.84;158.13;60.16;185.53;57.18;211.78;50.94;233.03;42.85;249.62;33.90;263.19;24.70;275.11;15.65;286.34;7.11;297.50;-0.59;309.06;-7.09;321.36;--;--;
2022-07-10;--;--;--;--;--;--;--;--;--;--;--;--;10.35;66.96;19.12;78.09;28.27;89.51;37.42;101.97;46.11;116.55;53.60;134.79;58.71;158.13;60.04;185.45;57.07;211.64;50.85;232.88;42.78;249.47;33.83;263.06;24.62;275.00;15.58;286.23;7.02;297.40;-0.69;308.97;-7.19;321.27;--;--;
2022-07-11;--;--;--;--;--;--;--;--;--;--;--;--;10.23;67.01;19.01;78.15;28.15;89.58;37.30;102.04;45.99;116.62;53.47;134.84;58.58;158.13;59.91;185.37;56.96;211.50;50.76;232.73;42.69;249.33;33.75;262.92;24.55;274.87;15.49;286.11;6.94;297.29;-0.79;308.87;-7.30;321.19;--;--;
2022-07-12;--;--;--;--;--;--;--;--;--;--;--;--;10.10;67.07;18.88;78.22;28.03;89.66;37.18;102.13;45.86;116.70;53.33;134.91;58.44;158.14;59.77;185.29;56.84;211.36;50.66;232.58;42.60;249.18;33.67;262.79;24.46;274.75;15.40;286.00;6.84;297.18;-0.89;308.78;--;--;--;--;
2022-07-13;--;--;--;--;--;--;--;--;--;--;--;--;9.97;67.14;18.76;78.30;27.90;89.74;37.05;102.22;45.73;116.79;53.19;134.98;58.29;158.16;59.63;185.22;56.72;211.22;50.55;232.42;42.50;249.03;33.57;262.65;24.37;274.62;15.31;285.88;6.74;297.08;-1.00;308.68;--;--;--;--;
2022-07-14;--;--;--;--;--;--;--;--;--;--;--;--;9.84;67.21;18.62;78.38;27.77;89.83;36.92;102.31;45.59;116.89;53.05;135.05;58.14;158.18;59.48;185.15;56.59;211.09;50.43;232.26;42.40;248.88;33.48;262.50;24.27;274.49;15.21;285.76;6.63;296.96;-1.12;308.58;--;--;--;--;
2022-07-15;--;--;--;--;--;--;--;--;--;--;--;--;9.70;67.28;18.49;78.46;27.64;89.93;36.79;102.41;45.45;116.99;52.90;135.14;57.98;158.21;59.33;185.09;56.45;210.95;50.31;232.10;42.29;248.72;33.37;262.36;24.17;274.36;15.10;285.64;6.52;296.85;-1.24;308.48;--;--;--;--;
2022-07-16;--;--;--;--;--;--;--;--;--;--;--;--;9.56;67.36;18.35;78.55;27.51;90.03;36.65;102.52;45.31;117.10;52.75;135.23;57.82;158.24;59.17;185.02;56.30;210.81;50.18;231.94;42.18;248.56;33.26;262.21;24.06;274.22;14.99;285.51;6.40;296.74;-1.37;308.37;--;--;--;--;
2022-07-17;--;--;--;--;--;--;--;--;--;--;--;--;9.41;67.45;18.21;78.65;27.37;90.13;36.51;102.64;45.16;117.22;52.59;135.33;57.65;158.28;59.00;184.97;56.15;210.68;50.05;231.78;42.06;248.40;33.15;262.06;23.95;274.08;14.87;285.38;6.27;296.62;-1.51;308.27;--;--;--;--;
2022-07-18;--;--;--;--;--;--;--;--;--;--;--;--;9.27;67.54;18.07;78.75;27.22;90.25;36.36;102.76;45.01;117.34;52.43;135.44;57.48;158.33;58.83;184.91;55.99;210.54;49.91;231.61;41.93;248.24;33.03;261.91;23.83;273.94;14.75;285.25;6.14;296.50;-1.65;308.16;--;--;--;--;
2022-07-19;--;--;--;--;--;--;--;--;--;--;--;--;9.11;67.64;17.92;78.86;27.08;90.37;36.21;102.88;44.85;117.47;52.26;135.55;57.30;158.38;58.65;184.86;55.83;210.41;49.76;231.45;41.80;248.07;32.90;261.75;23.70;273.80;14.62;285.12;6.00;296.38;-1.80;308.05;--;--;--;--;
2022-07-20;--;--;--;--;--;--;--;--;--;--;--;--;8.96;67.74;17.77;78.98;26.93;90.49;36.06;103.02;44.69;117.60;52.09;135.67;57.12;158.43;58.46;184.81;55.65;210.27;49.61;231.28;41.66;247.90;32.77;261.60;23.57;273.65;14.48;284.99;5.86;296.26;-1.95;307.94;--;--;--;--;
2022-07-21;--;--;--;--;--;--;--;--;--;--;--;--;8.80;67.85;17.62;79.09;26.78;90.62;35.91;103.16;44.53;117.75;51.91;135.79;56.93;158.50;58.27;184.77;55.48;210.14;49.45;231.11;41.51;247.74;32.63;261.44;23.43;273.51;14.34;284.85;5.71;296.14;-2.11;307.83;--;--;--;--;
2022-07-22;--;--;--;--;--;--;--;--;--;--;--;--;8.64;67.96;17.46;79.22;26.62;90.76;35.75;103.30;44.36;117.89;51.73;135.92;56.73;158.57;58.07;184.73;55.29;210.01;49.29;230.94;41.36;247.56;32.48;261.28;23.28;273.36;14.19;284.72;5.55;296.01;-2.28;307.72;--;--;--;--;
2022-07-23;--;--;--;--;--;--;--;--;--;--;--;--;8.47;68.08;17.30;79.35;26.46;90.90;35.59;103.45;44.19;118.05;51.55;136.06;56.53;158.64;57.87;184.70;55.10;209.88;49.11;230.78;41.20;247.39;32.33;261.11;23.13;273.21;14.03;284.58;5.39;295.88;-2.45;307.61;--;--;--;--;
2022-07-24;--;--;--;--;--;--;--;--;--;--;--;--;8.30;68.20;17.14;79.48;26.30;91.04;35.43;103.61;44.02;118.21;51.36;136.20;56.33;158.72;57.66;184.67;54.91;209.76;48.94;230.61;41.04;247.22;32.18;260.95;22.98;273.05;13.87;284.44;5.22;295.76;-2.63;307.50;--;--;--;--;
2022-07-25;--;--;--;--;--;--;--;--;--;--;--;--;8.13;68.33;16.97;79.62;26.14;91.20;35.26;103.77;43.84;118.38;51.17;136.35;56.12;158.81;57.45;184.64;54.71;209.63;48.75;230.44;40.86;247.05;32.01;260.78;22.82;272.90;13.71;284.29;5.05;295.63;-2.81;307.39;--;--;--;--;
2022-07-26;--;--;--;--;--;--;--;--;--;--;--;--;7.96;68.46;16.81;79.77;25.97;91.35;35.09;103.94;43.66;118.55;50.97;136.51;55.91;158.90;57.23;184.62;54.50;209.51;48.56;230.27;40.69;246.87;31.84;260.62;22.65;272.74;13.54;284.15;4.87;295.50;-3.00;307.27;--;--;--;--;
2022-07-27;--;--;--;--;--;--;--;--;--;--;--;--;7.78;68.60;16.63;79.92;25.80;91.52;34.92;104.12;43.48;118.73;50.77;136.67;55.69;159.00;57.00;184.60;54.28;209.39;48.36;230.11;40.51;246.70;31.67;260.45;22.48;272.59;13.36;284.01;4.68;295.36;-3.19;307.16;--;--;--;--;
2022-07-28;--;--;--;--;--;--;--;--;--;--;--;--;7.60;68.74;16.46;80.08;25.63;91.69;34.74;104.30;43.29;118.91;50.57;136.84;55.47;159.10;56.77;184.59;54.06;209.27;48.16;229.94;40.32;246.52;31.49;260.28;22.30;272.43;13.18;283.86;4.49;295.23;-3.40;307.04;--;--;--;--;
2022-07-29;--;--;--;--;--;--;--;--;--;--;--;--;7.42;68.89;16.28;80.24;25.46;91.86;34.56;104.48;43.10;119.10;50.36;137.01;55.24;159.21;56.54;184.58;53.84;209.15;47.95;229.77;40.12;246.34;31.30;260.11;22.11;272.27;12.99;283.71;4.30;295.10;-3.60;306.92;--;--;--;--;
2022-07-30;--;--;--;--;--;--;--;--;--;--;--;--;--;--;16.11;80.40;25.28;92.04;34.38;104.67;42.91;119.30;50.15;137.19;55.01;159.32;56.30;184.57;53.61;209.04;47.74;229.61;39.92;246.17;31.11;259.94;21.92;272.11;12.80;283.56;4.10;294.96;-3.81;306.80;--;--;--;--;
2022-07-31;--;--;--;--;--;--;--;--;--;--;--;--;--;--;15.93;80.57;25.10;92.22;34.20;104.87;42.72;119.50;49.93;137.37;54.77;159.43;56.05;184.57;53.37;208.93;47.52;229.44;39.72;245.99;30.91;259.76;21.73;271.94;12.60;283.41;3.89;294.83;-4.03;306.69;--;--;--;--;
2022-08-01;--;--;--;--;--;--;--;--;--;--;--;--;--;--;15.74;80.75;24.92;92.41;34.01;105.07;42.52;119.71;49.71;137.56;54.53;159.56;55.80;184.57;53.13;208.82;47.29;229.28;39.51;245.81;30.71;259.59;21.52;271.78;12.39;283.26;3.68;294.69;-4.26;306.57;--;--;--;--;
2022-08-02;--;--;--;--;--;--;--;--;--;--;--;--;--;--;15.56;80.93;24.74;92.61;33.82;105.28;42.31;119.92;49.49;137.76;54.29;159.68;55.55;184.58;52.88;208.71;47.06;229.12;39.29;245.63;30.50;259.42;21.32;271.62;12.18;283.11;3.46;294.56;-4.48;306.45;--;--;--;--;
2022-08-03;--;--;--;--;--;--;--;--;--;--;--;--;--;--;15.37;81.12;24.55;92.80;33.63;105.49;42.11;120.13;49.26;137.95;54.04;159.81;55.29;184.59;52.62;208.61;46.83;228.96;39.07;245.46;30.29;259.24;21.10;271.45;11.96;282.96;3.24;294.42;-4.72;306.33;--;--;--;--;
2022-08-04;--;--;--;--;--;--;--;--;--;--;--;--;--;--;15.18;81.31;24.36;93.01;33.44;105.70;41.90;120.35;49.03;138.16;53.78;159.95;55.02;184.60;52.37;208.51;46.58;228.79;38.84;245.28;30.07;259.07;20.89;271.29;11.74;282.81;3.01;294.28;-4.96;306.21;--;--;--;--;
2022-08-05;--;--;--;--;--;--;--;--;--;--;--;--;--;--;14.98;81.50;24.17;93.22;33.24;105.92;41.69;120.58;48.80;138.36;53.52;160.08;54.75;184.62;52.10;208.41;46.34;228.64;38.61;245.10;29.84;258.89;20.66;271.12;11.52;282.65;2.77;294.14;-5.20;306.09;--;--;--;--;
2022-08-06;--;--;--;--;--;--;--;--;--;--;--;--;--;--;14.79;81.70;23.98;93.43;33.04;106.15;41.48;120.81;48.56;138.58;53.26;160.23;54.47;184.64;51.83;208.32;46.08;228.48;38.37;244.93;29.61;258.72;20.44;270.95;11.29;282.50;2.53;294.00;-5.45;305.97;--;--;--;--;
2022-08-07;--;--;--;--;--;--;--;--;--;--;--;--;--;--;14.59;81.91;23.78;93.65;32.84;106.38;41.26;121.05;48.32;138.79;53.00;160.37;54.19;184.66;51.56;208.22;45.82;228.32;38.13;244.75;29.38;258.54;20.20;270.79;11.05;282.34;2.29;293.86;-5.71;305.85;--;--;--;--;
2022-08-08;--;--;--;--;--;--;--;--;--;--;--;--;--;--;14.39;82.11;23.58;93.87;32.63;106.61;41.04;121.29;48.08;139.01;52.73;160.52;53.91;184.69;51.28;208.13;45.56;228.17;37.88;244.57;29.14;258.36;19.97;270.62;10.81;282.19;2.04;293.72;-5.97;305.73;--;--;--;--;
2022-08-09;--;--;--;--;--;--;--;--;--;--;--;--;--;--;14.19;82.33;23.38;94.10;32.43;106.85;40.82;121.53;47.83;139.24;52.45;160.68;53.62;184.72;51.00;208.05;45.29;228.01;37.62;244.40;28.89;258.19;19.72;270.45;10.56;282.03;1.79;293.58;-6.23;305.61;--;--;--;--;
2022-08-10;--;--;--;--;--;--;--;--;--;--;--;--;--;--;13.99;82.55;23.18;94.33;32.22;107.10;40.59;121.78;47.58;139.46;52.18;160.83;53.33;184.75;50.71;207.96;45.02;227.86;37.36;244.22;28.64;258.01;19.47;270.28;10.31;281.87;1.53;293.44;-6.50;305.48;--;--;--;--;
2022-08-11;--;--;--;--;--;--;--;--;--;--;--;--;--;--;13.79;82.77;22.98;94.56;32.01;107.34;40.37;122.03;47.33;139.70;51.90;160.99;53.03;184.79;50.41;207.88;44.74;227.71;37.10;244.05;28.38;257.84;19.22;270.11;10.06;281.72;1.27;293.29;-6.77;305.36;--;--;--;--;
2022-08-12;--;--;--;--;--;--;--;--;--;--;--;--;--;--;13.58;82.99;22.77;94.80;31.79;107.59;40.14;122.28;47.07;139.93;51.61;161.16;52.73;184.83;50.11;207.80;44.46;227.57;36.83;243.88;28.12;257.66;18.96;269.95;9.80;281.56;1.00;293.15;-7.05;305.24;--;--;--;--;
2022-08-13;--;--;--;--;--;--;--;--;--;--;--;--;--;--;13.37;83.22;22.57;95.05;31.58;107.85;39.90;122.54;46.82;140.17;51.32;161.32;52.42;184.87;49.81;207.72;44.17;227.42;36.55;243.70;27.86;257.49;18.70;269.78;9.53;281.40;0.73;293.01;-7.33;305.12;--;--;--;--;
2022-08-14;--;--;--;--;--;--;--;--;--;--;--;--;--;--;13.16;83.46;22.36;95.29;31.36;108.11;39.67;122.81;46.55;140.41;51.03;161.49;52.12;184.92;49.50;207.65;43.87;227.28;36.27;243.53;27.59;257.31;18.43;269.61;9.26;281.24;0.45;292.86;-7.62;305.00;--;--;--;--;
2022-08-15;--;--;--;--;--;--;--;--;--;--;--;--;--;--;12.95;83.69;22.14;95.54;31.14;108.37;39.43;123.07;46.29;140.65;50.74;161.66;51.80;184.97;49.19;207.58;43.58;227.13;35.99;243.36;27.31;257.13;18.16;269.44;8.99;281.08;0.17;292.72;-7.91;304.87;--;--;--;--;
2022-08-16;--;--;--;--;--;--;--;--;--;--;--;--;--;--;12.74;83.94;21.93;95.80;30.92;108.64;39.19;123.34;46.02;140.90;50.44;161.84;51.48;185.02;48.88;207.51;43.27;226.99;35.70;243.19;27.04;256.96;17.89;269.27;8.71;280.92;-0.12;292.58;-8.21;304.75;--;--;--;--;
2022-08-17;--;--;--;--;--;--;--;--;--;--;--;--;--;--;12.52;84.18;21.72;96.06;30.69;108.91;38.94;123.61;45.75;141.15;50.14;162.02;51.16;185.07;48.56;207.45;42.97;226.85;35.41;243.02;26.75;256.79;17.61;269.10;8.42;280.77;-0.41;292.43;-8.51;304.63;--;--;--;--;
2022-08-18;--;--;--;--;--;--;--;--;--;--;--;--;--;--;12.31;84.43;21.50;96.32;30.47;109.18;38.70;123.89;45.47;141.40;49.83;162.19;50.84;185.13;48.23;207.38;42.66;226.72;35.11;242.86;26.46;256.61;17.32;268.93;8.14;280.61;-0.70;292.29;-8.81;304.50;--;--;--;--;
2022-08-19;--;--;--;--;--;--;--;--;--;--;--;--;--;--;12.09;84.68;21.28;96.58;30.24;109.45;38.45;124.17;45.19;141.66;49.52;162.38;50.51;185.19;47.91;207.32;42.34;226.58;34.81;242.69;26.17;256.44;17.03;268.76;7.85;280.45;-1.00;292.14;--;--;--;--;--;--;
2022-08-20;--;--;--;--;--;--;--;--;--;--;--;--;--;--;11.87;84.94;21.06;96.85;30.01;109.73;38.20;124.45;44.91;141.91;49.21;162.56;50.18;185.25;47.57;207.26;42.02;226.45;34.51;242.53;25.88;256.27;16.74;268.59;7.55;280.29;-1.30;292.00;--;--;--;--;--;--;
2022-08-21;--;--;--;--;--;--;--;--;--;--;--;--;--;--;11.65;85.20;20.84;97.12;29.78;110.01;37.95;124.73;44.63;142.17;48.89;162.74;49.84;185.31;47.24;207.20;41.70;226.32;34.20;242.36;25.58;256.09;16.44;268.42;7.25;280.13;-1.61;291.85;--;--;--;--;--;--;
2022-08-22;--;--;--;--;--;--;--;--;--;--;--;--;--;--;11.43;85.46;20.62;97.40;29.54;110.30;37.69;125.01;44.35;142.43;48.58;162.93;49.51;185.38;46.90;207.15;41.37;226.19;33.88;242.20;25.27;255.92;16.14;268.25;6.95;279.97;-1.92;291.71;--;--;--;--;--;--;
2022-08-23;--;--;--;--;--;--;--;--;--;--;--;--;--;--;11.20;85.73;20.39;97.67;29.31;110.58;37.43;125.30;44.06;142.69;48.26;163.12;49.17;185.44;46.56;207.10;41.04;226.06;33.57;242.04;24.96;255.75;15.84;268.08;6.64;279.81;-2.23;291.56;--;--;--;--;--;--;
2022-08-24;--;--;--;--;--;--;--;--;--;--;--;--;--;--;10.98;85.99;20.16;97.95;29.07;110.87;37.17;125.59;43.77;142.95;47.93;163.30;48.82;185.51;46.21;207.05;40.71;225.93;33.25;241.88;24.65;255.58;15.53;267.91;6.33;279.65;-2.55;291.42;--;--;--;--;--;--;
2022-08-25;--;--;--;--;--;--;--;--;--;--;--;--;--;--;10.75;86.27;19.94;98.23;28.83;111.16;36.91;125.88;43.47;143.22;47.61;163.49;48.47;185.58;45.86;207.00;40.37;225.81;32.92;241.72;24.34;255.41;15.22;267.74;6.02;279.49;-2.87;291.27;--;--;--;--;--;--;
2022-08-26;--;--;--;--;--;--;--;--;--;--;--;--;--;--;10.52;86.54;19.71;98.52;28.59;111.46;36.65;126.17;43.18;143.48;47.28;163.69;48.12;185.65;45.51;206.95;40.03;225.69;32.59;241.56;24.02;255.24;14.91;267.58;5.71;279.33;-3.19;291.12;--;--;--;--;--;--;
2022-08-27;--;--;--;--;--;--;--;--;--;--;--;--;--;--;10.29;86.82;19.48;98.81;28.34;111.75;36.38;126.47;42.88;143.75;46.94;163.88;47.77;185.73;45.15;206.91;39.68;225.57;32.26;241.40;23.70;255.07;14.59;267.41;5.39;279.16;-3.52;290.98;--;--;--;--;--;--;
2022-08-28;--;--;--;--;--;--;--;--;--;--;--;--;--;--;10.06;87.10;19.24;99.10;28.10;112.05;36.11;126.76;42.58;144.02;46.61;164.07;47.41;185.80;44.80;206.87;39.33;225.45;31.93;241.24;23.37;254.90;14.27;267.24;5.06;279.00;-3.85;290.83;--;--;--;--;--;--;
2022-08-29;--;--;--;--;--;--;--;--;--;--;--;--;--;--;9.83;87.38;19.01;99.39;27.85;112.35;35.84;127.06;42.27;144.29;46.27;164.26;47.05;185.88;44.43;206.83;38.98;225.33;31.59;241.09;23.04;254.73;13.94;267.07;4.74;278.84;-4.18;290.68;--;--;--;--;--;--;
2022-08-30;--;--;--;--;--;--;--;--;--;--;--;--;--;--;9.60;87.66;18.77;99.68;27.60;112.65;35.57;127.36;41.97;144.56;45.93;164.46;46.69;185.95;44.07;206.79;38.63;225.21;31.25;240.94;22.71;254.56;13.61;266.90;4.41;278.68;-4.51;290.54;--;--;--;--;--;--;
2022-08-31;--;--;--;--;--;--;--;--;--;--;--;--;--;--;9.36;87.95;18.54;99.98;27.35;112.96;35.29;127.66;41.66;144.83;45.59;164.65;46.33;186.03;43.70;206.75;38.27;225.10;30.90;240.78;22.38;254.40;13.28;266.73;4.08;278.52;-4.85;290.39;--;--;--;--;--;--;
2022-09-01;--;--;--;--;--;--;--;--;--;--;--;--;--;--;9.13;88.24;18.30;100.28;27.10;113.26;35.02;127.96;41.35;145.09;45.25;164.84;45.96;186.11;43.33;206.71;37.91;224.98;30.56;240.63;22.04;254.23;12.95;266.57;3.74;278.36;-5.19;290.24;--;--;--;--;--;--;
2022-09-02;--;--;--;--;--;--;--;--;--;--;--;--;--;--;8.89;88.53;18.06;100.58;26.85;113.57;34.74;128.26;41.04;145.36;44.90;165.04;45.59;186.19;42.96;206.68;37.55;224.87;30.21;240.48;21.70;254.07;12.62;266.40;3.41;278.20;-5.53;290.09;--;--;--;--;--;--;
2022-09-03;--;--;--;--;--;--;--;--;--;--;--;--;--;--;8.66;88.82;17.82;100.88;26.59;113.87;34.46;128.56;40.72;145.63;44.55;165.23;45.22;186.27;42.59;206.65;37.19;224.76;29.85;240.33;21.36;253.90;12.28;266.23;3.07;278.04;-5.88;289.94;--;--;--;--;--;--;
2022-09-04;--;--;--;--;--;--;--;--;--;--;--;--;--;--;8.42;89.12;17.57;101.18;26.33;114.18;34.18;128.86;40.41;145.90;44.20;165.43;44.85;186.35;42.21;206.61;36.82;224.65;29.50;240.18;21.01;253.74;11.94;266.07;2.72;277.88;-6.23;289.79;--;--;--;--;--;--;
2022-09-05;--;--;--;--;--;--;--;--;--;--;--;--;--;--;--;--;17.33;101.49;26.08;114.49;33.89;129.17;40.09;146.17;43.85;165.62;44.47;186.43;41.83;206.58;36.45;224.55;29.14;240.03;20.67;253.57;11.59;265.90;2.38;277.71;-6.58;289.64;--;--;--;--;--;--;
2022-09-06;--;--;--;--;--;--;--;--;--;--;--;--;--;--;--;--;17.09;101.79;25.82;114.80;33.60;129.47;39.77;146.44;43.49;165.81;44.10;186.51;41.45;206.55;36.08;224.44;28.78;239.89;20.32;253.41;11.25;265.73;2.04;277.55;-6.93;289.49;--;--;--;--;--;--;
2022-09-07;--;--;--;--;--;--;--;--;--;--;--;--;--;--;--;--;16.84;102.10;25.55;115.11;33.32;129.77;39.45;146.71;43.14;166.00;43.72;186.59;41.07;206.52;35.70;224.33;28.42;239.74;19.96;253.25;10.90;265.56;1.69;277.39;-7.28;289.34;--;--;--;--;--;--;
2022-09-08;--;--;--;--;--;--;--;--;--;--;--;--;--;--;--;--;16.59;102.40;25.29;115.42;33.03;130.07;39.12;146.98;42.78;166.20;43.34;186.67;40.68;206.50;35.33;224.23;28.06;239.60;19.61;253.08;10.55;265.40;1.34;277.23;-7.64;289.19;--;--;--;--;--;--;
2022-09-09;--;--;--;--;--;--;--;--;--;--;--;--;--;--;--;--;16.34;102.71;25.02;115.73;32.73;130.37;38.80;147.25;42.42;166.39;42.96;186.75;40.30;206.47;34.95;224.13;27.69;239.45;19.25;252.92;10.20;265.23;0.99;277.06;-7.99;289.04;--;--;--;--;--;--;
2022-09-10;--;--;--;--;--;--;--;--;--;--;--;--;--;--;--;--;16.09;103.02;24.76;116.04;32.44;130.68;38.47;147.51;42.06;166.58;42.57;186.83;39.91;206.44;34.57;224.03;27.33;239.31;18.90;252.76;9.85;265.06;0.63;276.90;-8.35;288.89;--;--;--;--;--;--;
2022-09-11;--;--;--;--;--;--;--;--;--;--;--;--;--;--;--;--;15.84;103.33;24.49;116.35;32.15;130.98;38.14;147.78;41.69;166.76;42.19;186.91;39.52;206.42;34.19;223.92;26.96;239.17;18.54;252.60;9.50;264.90;0.28;276.74;-8.71;288.74;--;--;--;--;--;--;
2022-09-12;--;--;--;--;--;--;--;--;--;--;--;--;--;--;--;--;15.59;103.64;24.22;116.66;31.85;131.28;37.81;148.04;41.33;166.95;41.80;186.99;39.13;206.39;33.81;223.82;26.59;239.02;18.18;252.44;9.14;264.73;-0.08;276.57;-9.07;288.58;--;--;--;--;--;--;
2022-09-13;--;--;--;--;--;--;--;--;--;--;--;--;--;--;--;--;15.34;103.95;23.95;116.97;31.55;131.58;37.47;148.30;40.96;167.14;41.41;187.07;38.74;206.36;33.42;223.72;26.22;238.88;17.82;252.28;8.79;264.56;-0.43;276.41;-9.44;288.43;--;--;--;--;--;--;
2022-09-14;--;--;--;--;--;--;--;--;--;--;--;--;--;--;--;--;15.08;104.26;23.68;117.28;31.25;131.88;37.14;148.56;40.59;167.32;41.02;187.15;38.34;206.34;33.04;223.63;25.84;238.74;17.45;252.11;8.43;264.40;-0.79;276.24;-9.80;288.28;--;--;--;--;--;--;
2022-09-15;--;--;--;--;--;--;--;--;--;--;--;--;--;--;--;--;14.83;104.57;23.41;117.60;30.95;132.17;36.80;148.82;40.22;167.51;40.63;187.23;37.95;206.32;32.65;223.53;25.47;238.60;17.09;251.95;8.07;264.23;-1.15;276.08;--;--;--;--;--;--;--;--;
2022-09-16;--;--;--;--;--;--;--;--;--;--;--;--;--;--;--;--;14.57;104.89;23.13;117.90;30.65;132.47;36.47;149.08;39.85;167.69;40.24;187.30;37.56;206.29;32.27;223.43;25.09;238.46;16.73;251.79;7.71;264.06;-1.51;275.91;--;--;--;--;--;--;--;--;
2022-09-17;--;--;--;--;--;--;--;--;--;--;--;--;--;--;--;--;14.31;105.20;22.86;118.21;30.34;132.77;36.13;149.34;39.48;167.87;39.85;187.38;37.16;206.27;31.88;223.33;24.72;238.32;16.36;251.64;7.35;263.90;-1.87;275.75;--;--;--;--;--;--;--;--;
2022-09-18;--;--;--;--;--;--;--;--;--;--;--;--;--;--;--;--;14.05;105.51;22.58;118.52;30.04;133.06;35.79;149.59;39.11;168.05;39.46;187.46;36.76;206.24;31.49;223.24;24.34;238.18;15.99;251.48;6.99;263.73;-2.23;275.58;--;--;--;--;--;--;--;--;
2022-09-19;--;--;--;--;--;--;--;--;--;--;--;--;--;--;--;--;13.80;105.82;22.30;118.83;29.73;133.35;35.45;149.84;38.74;168.23;39.06;187.53;36.37;206.22;31.10;223.14;23.96;238.04;15.63;251.32;6.63;263.56;-2.59;275.41;--;--;--;--;--;--;--;--;
2022-09-20;--;--;--;--;--;--;--;--;--;--;--;--;--;--;--;--;13.53;106.13;22.02;119.14;29.43;133.64;35.11;150.09;38.36;168.40;38.67;187.60;35.97;206.19;30.71;223.04;23.59;237.91;15.26;251.16;6.27;263.39;-2.95;275.25;--;--;--;--;--;--;--;--;
2022-09-21;--;--;--;--;--;--;--;--;--;--;--;--;--;--;--;--;13.27;106.44;21.74;119.44;29.12;133.93;34.76;150.34;37.99;168.57;38.28;187.68;35.57;206.17;30.32;222.95;23.21;237.77;14.89;251.00;5.90;263.23;-3.31;275.08;--;--;--;--;--;--;--;--;
2022-09-22;--;--;--;--;--;--;--;--;--;--;--;--;--;--;--;--;13.01;106.75;21.46;119.75;28.81;134.22;34.42;150.59;37.61;168.74;37.88;187.75;35.17;206.14;29.93;222.85;22.83;237.63;14.52;250.84;5.54;263.06;-3.68;274.91;--;--;--;--;--;--;--;--;
2022-09-23;--;--;--;--;--;--;--;--;--;--;--;--;--;--;--;--;12.75;107.05;21.18;120.05;28.50;134.50;34.08;150.83;37.24;168.91;37.49;187.82;34.77;206.12;29.54;222.76;22.45;237.49;14.16;250.68;5.18;262.89;-4.04;274.74;--;--;--;--;--;--;--;--;
2022-09-24;--;--;--;--;--;--;--;--;--;--;--;--;--;--;--;--;12.48;107.36;20.89;120.35;28.18;134.79;33.73;151.07;36.86;169.08;37.09;187.89;34.38;206.09;29.15;222.66;22.07;237.36;13.79;250.52;4.82;262.72;-4.40;274.57;--;--;--;--;--;--;--;--;
2022-09-25;--;--;--;--;--;--;--;--;--;--;--;--;--;--;--;--;12.22;107.67;20.61;120.65;27.87;135.07;33.38;151.31;36.48;169.24;36.69;187.95;33.98;206.07;28.76;222.57;21.70;237.22;13.42;250.36;4.46;262.55;-4.76;274.40;--;--;--;--;--;--;--;--;
2022-09-26;--;--;--;--;--;--;--;--;--;--;--;--;--;--;--;--;11.95;107.97;20.32;120.95;27.56;135.34;33.04;151.54;36.11;169.40;36.30;188.02;33.58;206.04;28.37;222.47;21.32;237.08;13.05;250.20;4.10;262.38;-5.12;274.23;--;--;--;--;--;--;--;--;
2022-09-27;--;--;--;--;--;--;--;--;--;--;--;--;--;--;--;--;11.69;108.27;20.04;121.24;27.24;135.62;32.69;151.78;35.73;169.56;35.90;188.08;33.18;206.01;27.98;222.38;20.94;236.95;12.69;250.04;3.73;262.21;-5.48;274.06;--;--;--;--;--;--;--;--;
2022-09-28;--;--;--;--;--;--;--;--;--;--;--;--;--;--;--;--;11.42;108.58;19.75;121.54;26.93;135.89;32.34;152.00;35.35;169.72;35.51;188.14;32.78;205.98;27.59;222.28;20.56;236.81;12.32;249.88;3.37;262.04;-5.84;273.88;--;--;--;--;--;--;--;--;
2022-09-29;--;--;--;--;--;--;--;--;--;--;--;--;--;--;--;--;11.15;108.88;19.46;121.83;26.61;136.16;31.99;152.23;34.98;169.87;35.11;188.20;32.39;205.95;27.20;222.19;20.19;236.67;11.95;249.72;3.02;261.87;-6.20;273.71;--;--;--;--;--;--;--;--;
2022-09-30;--;--;--;--;--;--;--;--;--;--;--;--;--;--;--;--;10.89;109.17;19.18;122.12;26.30;136.43;31.64;152.45;34.60;170.02;34.72;188.26;31.99;205.92;26.82;222.09;19.81;236.53;11.59;249.56;2.66;261.70;-6.55;273.53;--;--;--;--;--;--;--;--;
2022-10-01;--;--;--;--;--;--;--;--;--;--;--;--;--;--;--;--;10.62;109.47;18.89;122.40;25.98;136.70;31.30;152.67;34.22;170.17;34.33;188.32;31.59;205.89;26.43;221.99;19.44;236.40;11.23;249.40;2.30;261.52;-6.91;273.36;--;--;--;--;--;--;--;--;
2022-10-02;--;--;--;--;--;--;--;--;--;--;--;--;--;--;--;--;10.35;109.77;18.60;122.69;25.66;136.96;30.95;152.89;33.84;170.31;33.93;188.37;31.20;205.86;26.04;221.90;19.07;236.26;10.86;249.24;1.95;261.35;-7.26;273.18;--;--;--;--;--;--;--;--;
2022-10-03;--;--;--;--;--;--;--;--;--;--;--;--;--;--;--;--;10.08;110.06;18.31;122.97;25.34;137.22;30.60;153.11;33.47;170.45;33.54;188.42;30.81;205.83;25.66;221.80;18.69;236.12;10.50;249.08;1.59;261.18;-7.61;273.00;--;--;--;--;--;--;--;--;
2022-10-04;--;--;--;--;--;--;--;--;--;--;--;--;--;--;--;--;9.81;110.35;18.02;123.25;25.02;137.47;30.25;153.32;33.09;170.59;33.15;188.47;30.41;205.80;25.28;221.70;18.32;235.98;10.14;248.92;1.24;261.00;-7.97;272.83;--;--;--;--;--;--;--;--;
2022-10-05;--;--;--;--;--;--;--;--;--;--;--;--;--;--;--;--;9.54;110.64;17.73;123.53;24.71;137.73;29.90;153.52;32.72;170.73;32.76;188.52;30.02;205.76;24.89;221.60;17.95;235.84;9.79;248.75;0.89;260.83;-8.31;272.65;--;--;--;--;--;--;--;--;
2022-10-06;--;--;--;--;--;--;--;--;--;--;--;--;--;--;--;--;9.27;110.92;17.43;123.80;24.39;137.97;29.55;153.73;32.34;170.86;32.37;188.57;29.63;205.72;24.51;221.50;17.59;235.70;9.43;248.59;0.54;260.65;-8.66;272.47;--;--;--;--;--;--;--;--;
2022-10-07;--;--;--;--;--;--;--;--;--;--;--;--;--;--;--;--;9.00;111.21;17.14;124.07;24.07;138.22;29.20;153.93;31.97;170.99;31.98;188.61;29.25;205.69;24.13;221.41;17.22;235.57;9.07;248.43;0.19;260.48;-9.01;272.28;--;--;--;--;--;--;--;--;
2022-10-08;--;--;--;--;--;--;--;--;--;--;--;--;--;--;--;--;8.73;111.49;16.85;124.34;23.75;138.46;28.85;154.12;31.59;171.12;31.60;188.65;28.86;205.65;23.76;221.31;16.86;235.43;8.72;248.26;-0.15;260.30;-9.35;272.10;--;--;--;--;--;--;--;--;
2022-10-09;--;--;--;--;--;--;--;--;--;--;--;--;--;--;--;--;8.45;111.77;16.56;124.60;23.43;138.70;28.50;154.31;31.22;171.24;31.21;188.69;28.47;205.61;23.38;221.20;16.49;235.29;8.37;248.10;-0.50;260.12;-9.69;271.92;--;--;--;--;--;--;--;--;
2022-10-10;--;--;--;--;--;--;--;--;--;--;--;--;--;--;--;--;8.18;112.04;16.27;124.86;23.11;138.94;28.16;154.50;30.85;171.36;30.83;188.73;28.09;205.56;23.01;221.10;16.13;235.14;8.02;247.94;-0.84;259.95;--;--;--;--;--;--;--;--;--;--;
2022-10-11;--;--;--;--;--;--;--;--;--;--;--;--;--;--;--;--;--;--;15.97;125.12;22.79;139.17;27.81;154.69;30.48;171.47;30.45;188.76;27.71;205.52;22.64;221.00;15.78;235.00;7.68;247.77;-1.17;259.77;--;--;--;--;--;--;--;--;--;--;
2022-10-12;--;--;--;--;--;--;--;--;--;--;--;--;--;--;--;--;--;--;15.68;125.38;22.47;139.39;27.46;154.87;30.11;171.58;30.07;188.79;27.33;205.48;22.27;220.90;15.42;234.86;7.33;247.61;-1.51;259.59;--;--;--;--;--;--;--;--;--;--;
2022-10-13;--;--;--;--;--;--;--;--;--;--;--;--;--;--;--;--;--;--;15.39;125.63;22.16;139.62;27.12;155.04;29.75;171.69;29.69;188.82;26.96;205.43;21.90;220.79;15.07;234.72;6.99;247.44;-1.84;259.41;--;--;--;--;--;--;--;--;--;--;
2022-10-14;--;--;--;--;--;--;--;--;--;--;--;--;--;--;--;--;--;--;15.10;125.87;21.84;139.84;26.78;155.22;29.38;171.80;29.31;188.85;26.58;205.38;21.54;220.69;14.72;234.58;6.66;247.27;-2.17;259.23;--;--;--;--;--;--;--;--;--;--;
2022-10-15;--;--;--;--;--;--;--;--;--;--;--;--;--;--;--;--;--;--;14.80;126.12;21.52;140.05;26.43;155.38;29.02;171.90;28.94;188.87;26.21;205.33;21.18;220.58;14.37;234.43;6.32;247.10;-2.50;259.04;--;--;--;--;--;--;--;--;--;--;
2022-10-16;--;--;--;--;--;--;--;--;--;--;--;--;--;--;--;--;--;--;14.51;126.36;21.20;140.26;26.09;155.55;28.65;172.00;28.57;188.89;25.84;205.28;20.82;220.47;14.03;234.29;5.99;246.94;-2.82;258.86;--;--;--;--;--;--;--;--;--;--;
2022-10-17;--;--;--;--;--;--;--;--;--;--;--;--;--;--;--;--;--;--;14.22;126.59;20.89;140.47;25.75;155.71;28.29;172.09;28.20;188.91;25.47;205.23;20.46;220.37;13.68;234.14;5.66;246.77;-3.14;258.68;--;--;--;--;--;--;--;--;--;--;
2022-10-18;--;--;--;--;--;--;--;--;--;--;--;--;--;--;--;--;--;--;13.93;126.82;20.57;140.67;25.41;155.86;27.93;172.18;27.83;188.92;25.11;205.17;20.11;220.26;13.35;234.00;5.33;246.60;-3.46;258.49;--;--;--;--;--;--;--;--;--;--;
2022-10-19;--;--;--;--;--;--;--;--;--;--;--;--;--;--;--;--;--;--;13.64;127.05;20.26;140.87;25.07;156.01;27.58;172.27;27.47;188.93;24.75;205.11;19.76;220.15;13.01;233.85;5.01;246.43;-3.78;258.31;--;--;--;--;--;--;--;--;--;--;
2022-10-20;--;--;--;--;--;--;--;--;--;--;--;--;--;--;--;--;--;--;13.35;127.27;19.95;141.06;24.73;156.16;27.22;172.35;27.10;188.94;24.39;205.06;19.42;220.04;12.68;233.70;4.69;246.26;-4.09;258.12;--;--;--;--;--;--;--;--;--;--;
2022-10-21;--;--;--;--;--;--;--;--;--;--;--;--;--;--;--;--;--;--;13.06;127.49;19.63;141.25;24.40;156.30;26.87;172.43;26.75;188.95;24.04;205.00;19.07;219.92;12.35;233.55;4.38;246.09;-4.39;257.94;--;--;--;--;--;--;--;--;--;--;
2022-10-22;--;--;--;--;--;--;--;--;--;--;--;--;--;--;--;--;--;--;12.77;127.71;19.32;141.43;24.07;156.44;26.52;172.50;26.39;188.95;23.69;204.93;18.73;219.81;12.03;233.41;4.07;245.91;-4.69;257.75;--;--;--;--;--;--;--;--;--;--;
2022-10-23;--;--;--;--;--;--;--;--;--;--;--;--;--;--;--;--;--;--;12.48;127.92;19.01;141.61;23.74;156.58;26.18;172.58;26.04;188.96;23.34;204.87;18.40;219.70;11.71;233.26;3.76;245.74;-4.99;257.56;--;--;--;--;--;--;--;--;--;--;
2022-10-24;--;--;--;--;--;--;--;--;--;--;--;--;--;--;--;--;--;--;12.20;128.12;18.70;141.79;23.41;156.70;25.83;172.64;25.69;188.95;22.99;204.80;18.07;219.58;11.39;233.11;3.45;245.57;-5.29;257.37;--;--;--;--;--;--;--;--;--;--;
2022-10-25;--;--;--;--;--;--;--;--;--;--;--;--;--;--;--;--;--;--;11.91;128.32;18.40;141.96;23.08;156.83;25.49;172.71;25.34;188.95;22.65;204.73;17.74;219.46;11.08;232.95;3.16;245.40;-5.58;257.18;--;--;--;--;--;--;--;--;--;--;
2022-10-26;--;--;--;--;--;--;--;--;--;--;--;--;--;--;--;--;--;--;11.62;128.52;18.09;142.13;22.75;156.95;25.15;172.77;25.00;188.94;22.32;204.66;17.42;219.34;10.77;232.80;2.86;245.22;-5.86;256.99;--;--;--;--;--;--;--;--;--;--;
2022-10-27;--;--;--;--;--;--;--;--;--;--;--;--;--;--;--;--;--;--;11.34;128.71;17.79;142.29;22.43;157.06;24.81;172.82;24.66;188.93;21.98;204.59;17.10;219.23;10.46;232.65;2.57;245.05;-6.14;256.80;--;--;--;--;--;--;--;--;--;--;
2022-10-28;--;--;--;--;--;--;--;--;--;--;--;--;--;--;--;--;--;--;11.06;128.90;17.49;142.44;22.11;157.17;24.48;172.87;24.32;188.92;21.65;204.52;16.78;219.11;10.16;232.50;2.28;244.87;-6.42;256.61;--;--;--;--;--;--;--;--;--;--;
2022-10-29;--;--;--;--;--;--;--;--;--;--;--;--;--;--;--;--;--;--;10.78;129.08;17.19;142.59;21.79;157.28;24.15;172.92;23.99;188.90;21.33;204.44;16.47;218.98;9.87;232.34;2.00;244.69;-6.69;256.42;--;--;--;--;--;--;--;--;--;--;
2022-10-30;--;--;--;--;--;--;--;--;--;--;--;--;--;--;--;--;--;--;2.79;116.81;10.50;129.26;16.89;142.74;21.48;157.38;23.82;172.96;23.66;188.88;21.01;204.37;16.16;218.86;9.58;232.19;1.72;244.52;--;--;--;--;--;--;--;--;--;--;
2022-10-31;--;--;--;--;--;--;--;--;--;--;--;--;--;--;--;--;--;--;2.53;117.00;10.22;129.43;16.59;142.88;21.16;157.48;23.50;173.00;23.34;188.86;20.69;204.29;15.86;218.74;9.29;232.03;1.45;244.34;--;--;--;--;--;--;--;--;--;--;
2022-11-01;--;--;--;--;--;--;--;--;--;--;--;--;--;--;--;--;--;--;2.27;117.19;9.94;129.60;16.30;143.02;20.85;157.57;23.18;173.04;23.02;188.83;20.38;204.20;15.56;218.61;9.01;231.88;1.19;244.16;--;--;--;--;--;--;--;--;--;--;
2022-11-02;--;--;--;--;--;--;--;--;--;--;--;--;--;--;--;--;--;--;2.01;117.37;9.67;129.76;16.00;143.15;20.55;157.66;22.86;173.07;22.70;188.80;20.07;204.12;15.27;218.49;8.73;231.72;0.92;243.99;--;--;--;--;--;--;--;--;--;--;
2022-11-03;--;--;--;--;--;--;--;--;--;--;--;--;--;--;--;--;--;--;1.75;117.55;9.40;129.92;15.72;143.27;20.24;157.74;22.55;173.10;22.39;188.77;19.77;204.04;14.98;218.36;8.46;231.56;0.67;243.81;--;--;--;--;--;--;--;--;--;--;
2022-11-04;--;--;--;--;--;--;--;--;--;--;--;--;--;--;--;--;--;--;1.49;117.73;9.12;130.07;15.43;143.39;19.94;157.82;22.24;173.12;22.08;188.74;19.47;203.95;14.70;218.23;8.19;231.41;0.42;243.63;--;--;--;--;--;--;--;--;--;--;
2022-11-05;--;--;--;--;--;--;--;--;--;--;--;--;--;--;--;--;--;--;1.24;117.90;8.85;130.22;15.14;143.51;19.64;157.89;21.94;173.14;21.78;188.70;19.18;203.86;14.42;218.10;7.93;231.25;0.17;243.45;--;--;--;--;--;--;--;--;--;--;
2022-11-06;--;--;--;--;--;--;--;--;--;--;--;--;--;--;--;--;--;--;0.98;118.06;8.59;130.36;14.86;143.62;19.35;157.96;21.64;173.16;21.48;188.66;18.89;203.77;14.15;217.97;7.68;231.09;-0.07;243.27;--;--;--;--;--;--;--;--;--;--;
2022-11-07;--;--;--;--;--;--;--;--;--;--;--;--;--;--;--;--;--;--;0.73;118.22;8.32;130.49;14.58;143.72;19.06;158.02;21.34;173.17;21.19;188.61;18.61;203.68;13.88;217.84;7.43;230.93;-0.31;243.09;--;--;--;--;--;--;--;--;--;--;
2022-11-08;--;--;--;--;--;--;--;--;--;--;--;--;--;--;--;--;--;--;0.48;118.37;8.06;130.62;14.31;143.82;18.77;158.08;21.05;173.18;20.90;188.57;18.33;203.58;13.62;217.71;7.18;230.77;-0.54;242.91;--;--;--;--;--;--;--;--;--;--;
2022-11-09;--;--;--;--;--;--;--;--;--;--;--;--;--;--;--;--;--;--;0.23;118.52;7.80;130.75;14.03;143.92;18.49;158.13;20.76;173.18;20.61;188.52;18.06;203.48;13.37;217.57;6.94;230.61;-0.76;242.73;--;--;--;--;--;--;--;--;--;--;
2022-11-10;--;--;--;--;--;--;--;--;--;--;--;--;--;--;--;--;--;--;-0.01;118.66;7.54;130.87;13.76;144.01;18.21;158.18;20.48;173.18;20.34;188.47;17.79;203.39;13.12;217.44;6.71;230.45;--;--;--;--;--;--;--;--;--;--;--;--;
2022-11-11;--;--;--;--;--;--;--;--;--;--;--;--;--;--;--;--;--;--;-0.26;118.80;7.29;130.98;13.50;144.09;17.93;158.23;20.20;173.17;20.06;188.41;17.53;203.29;12.87;217.30;6.48;230.29;--;--;--;--;--;--;--;--;--;--;--;--;
2022-11-12;--;--;--;--;--;--;--;--;--;--;--;--;--;--;--;--;--;--;-0.50;118.93;7.04;131.09;13.23;144.17;17.66;158.27;19.93;173.17;19.79;188.35;17.28;203.18;12.63;217.17;6.26;230.13;--;--;--;--;--;--;--;--;--;--;--;--;
2022-11-13;--;--;--;--;--;--;--;--;--;--;--;--;--;--;--;--;--;--;-0.74;119.05;6.79;131.20;12.98;144.24;17.40;158.30;19.66;173.15;19.53;188.29;17.03;203.08;12.40;217.03;6.05;229.97;--;--;--;--;--;--;--;--;--;--;--;--;
2022-11-14;--;--;--;--;--;--;--;--;--;--;--;--;--;--;--;--;--;--;--;--;6.54;131.29;12.72;144.31;17.13;158.33;19.40;173.14;19.27;188.23;16.78;202.98;12.17;216.89;5.84;229.81;--;--;--;--;--;--;--;--;--;--;--;--;
2022-11-15;--;--;--;--;--;--;--;--;--;--;--;--;--;--;--;--;--;--;--;--;6.30;131.39;12.47;144.38;16.87;158.36;19.14;173.12;19.02;188.16;16.54;202.87;11.95;216.75;5.64;229.65;--;--;--;--;--;--;--;--;--;--;--;--;
2022-11-16;--;--;--;--;--;--;--;--;--;--;--;--;--;--;--;--;--;--;--;--;6.06;131.47;12.22;144.43;16.62;158.38;18.88;173.10;18.78;188.10;16.31;202.76;11.74;216.61;5.44;229.48;--;--;--;--;--;--;--;--;--;--;--;--;
2022-11-17;--;--;--;--;--;--;--;--;--;--;--;--;--;--;--;--;--;--;--;--;5.82;131.55;11.97;144.49;16.37;158.39;18.63;173.07;18.54;188.02;16.09;202.65;11.53;216.48;5.25;229.32;--;--;--;--;--;--;--;--;--;--;--;--;
2022-11-18;--;--;--;--;--;--;--;--;--;--;--;--;--;--;--;--;--;--;--;--;5.59;131.63;11.73;144.53;16.13;158.40;18.39;173.04;18.30;187.95;15.87;202.54;11.33;216.34;5.06;229.16;--;--;--;--;--;--;--;--;--;--;--;--;
2022-11-19;--;--;--;--;--;--;--;--;--;--;--;--;--;--;--;--;--;--;--;--;5.36;131.70;11.50;144.58;15.89;158.41;18.15;173.00;18.07;187.88;15.65;202.43;11.13;216.19;4.89;229.00;--;--;--;--;--;--;--;--;--;--;--;--;
2022-11-20;--;--;--;--;--;--;--;--;--;--;--;--;--;--;--;--;--;--;--;--;5.13;131.76;11.26;144.61;15.65;158.41;17.92;172.96;17.85;187.80;15.45;202.31;10.94;216.05;4.72;228.84;--;--;--;--;--;--;--;--;--;--;--;--;
2022-11-21;--;--;--;--;--;--;--;--;--;--;--;--;--;--;--;--;--;--;--;--;4.91;131.82;11.04;144.65;15.42;158.41;17.70;172.92;17.63;187.72;15.25;202.20;10.76;215.91;4.55;228.68;--;--;--;--;--;--;--;--;--;--;--;--;
2022-11-22;--;--;--;--;--;--;--;--;--;--;--;--;--;--;--;--;--;--;--;--;4.69;131.88;10.81;144.67;15.20;158.40;17.47;172.88;17.42;187.63;15.05;202.08;10.58;215.77;4.39;228.52;--;--;--;--;--;--;--;--;--;--;--;--;
2022-11-23;--;--;--;--;--;--;--;--;--;--;--;--;--;--;--;--;--;--;--;--;4.47;131.92;10.59;144.69;14.98;158.39;17.26;172.83;17.22;187.55;14.86;201.96;10.42;215.63;4.24;228.36;--;--;--;--;--;--;--;--;--;--;--;--;
2022-11-24;--;--;--;--;--;--;--;--;--;--;--;--;--;--;--;--;--;--;--;--;4.26;131.97;10.38;144.71;14.76;158.37;17.05;172.78;17.02;187.46;14.68;201.85;10.25;215.49;4.10;228.20;--;--;--;--;--;--;--;--;--;--;--;--;
2022-11-25;--;--;--;--;--;--;--;--;--;--;--;--;--;--;--;--;--;--;--;--;4.05;132.00;10.17;144.72;14.55;158.35;16.85;172.72;16.83;187.37;14.51;201.73;10.10;215.35;3.96;228.05;--;--;--;--;--;--;--;--;--;--;--;--;
2022-11-26;--;--;--;--;--;--;--;--;--;--;--;--;--;--;--;--;--;--;--;--;3.85;132.03;9.96;144.73;14.35;158.33;16.65;172.66;16.65;187.28;14.34;201.61;9.95;215.20;3.83;227.89;--;--;--;--;--;--;--;--;--;--;--;--;
2022-11-27;--;--;--;--;--;--;--;--;--;--;--;--;--;--;--;--;--;--;--;--;3.65;132.06;9.76;144.73;14.15;158.30;16.46;172.60;16.47;187.18;14.18;201.48;9.81;215.06;3.71;227.73;--;--;--;--;--;--;--;--;--;--;--;--;
2022-11-28;--;--;--;--;--;--;--;--;--;--;--;--;--;--;--;--;--;--;--;--;3.46;132.08;9.57;144.72;13.96;158.27;16.28;172.54;16.30;187.09;14.03;201.36;9.67;214.92;3.59;227.58;--;--;--;--;--;--;--;--;--;--;--;--;
2022-11-29;--;--;--;--;--;--;--;--;--;--;--;--;--;--;--;--;--;--;--;--;3.27;132.09;9.38;144.71;13.78;158.23;16.10;172.47;16.14;186.99;13.88;201.24;9.55;214.78;3.48;227.42;--;--;--;--;--;--;--;--;--;--;--;--;
2022-11-30;--;--;--;--;--;--;--;--;--;--;--;--;--;--;--;--;--;--;--;--;3.09;132.10;9.20;144.70;13.60;158.19;15.93;172.40;15.98;186.89;13.74;201.12;9.43;214.64;3.38;227.27;--;--;--;--;--;--;--;--;--;--;--;--;
2022-12-01;--;--;--;--;--;--;--;--;--;--;--;--;--;--;--;--;--;--;--;--;2.91;132.10;9.02;144.68;13.42;158.14;15.77;172.32;15.83;186.79;13.61;200.99;9.31;214.50;3.29;227.12;--;--;--;--;--;--;--;--;--;--;--;--;
2022-12-02;--;--;--;--;--;--;--;--;--;--;--;--;--;--;--;--;--;--;--;--;2.73;132.10;8.84;144.66;13.25;158.10;15.61;172.24;15.69;186.68;13.49;200.87;9.21;214.36;3.20;226.97;--;--;--;--;--;--;--;--;--;--;--;--;
2022-12-03;--;--;--;--;--;--;--;--;--;--;--;--;--;--;--;--;--;--;--;--;2.56;132.10;8.68;144.63;13.09;158.04;15.46;172.16;15.55;186.58;13.37;200.74;9.11;214.22;3.12;226.82;--;--;--;--;--;--;--;--;--;--;--;--;
2022-12-04;--;--;--;--;--;--;--;--;--;--;--;--;--;--;--;--;--;--;--;--;2.40;132.08;8.52;144.60;12.94;157.99;15.31;172.08;15.42;186.47;13.26;200.62;9.02;214.08;3.05;226.68;--;--;--;--;--;--;--;--;--;--;--;--;
2022-12-05;--;--;--;--;--;--;--;--;--;--;--;--;--;--;--;--;--;--;--;--;2.24;132.06;8.36;144.56;12.79;157.92;15.18;172.00;15.30;186.36;13.16;200.49;8.94;213.94;2.98;226.53;--;--;--;--;--;--;--;--;--;--;--;--;
2022-12-06;--;--;--;--;--;--;--;--;--;--;--;--;--;--;--;--;--;--;--;--;2.08;132.04;8.21;144.52;12.65;157.86;15.05;171.91;15.19;186.25;13.06;200.37;8.86;213.81;2.92;226.39;--;--;--;--;--;--;--;--;--;--;--;--;
2022-12-07;--;--;--;--;--;--;--;--;--;--;--;--;--;--;--;--;--;--;--;--;1.93;132.01;8.06;144.47;12.51;157.79;14.92;171.82;15.08;186.14;12.97;200.24;8.79;213.67;2.87;226.25;--;--;--;--;--;--;--;--;--;--;--;--;
2022-12-08;--;--;--;--;--;--;--;--;--;--;--;--;--;--;--;--;--;--;--;--;1.79;131.98;7.93;144.42;12.38;157.72;14.81;171.73;14.98;186.03;12.89;200.11;8.73;213.54;2.82;226.11;--;--;--;--;--;--;--;--;--;--;--;--;
2022-12-09;--;--;--;--;--;--;--;--;--;--;--;--;--;--;--;--;--;--;--;--;1.65;131.94;7.79;144.36;12.26;157.65;14.70;171.63;14.89;185.92;12.82;199.99;8.67;213.40;2.79;225.97;--;--;--;--;--;--;--;--;--;--;--;--;
2022-12-10;--;--;--;--;--;--;--;--;--;--;--;--;--;--;--;--;--;--;--;--;1.52;131.90;7.67;144.30;12.14;157.57;14.59;171.53;14.80;185.81;12.75;199.86;8.63;213.27;2.76;225.83;--;--;--;--;--;--;--;--;--;--;--;--;
2022-12-11;--;--;--;--;--;--;--;--;--;--;--;--;--;--;--;--;--;--;--;--;1.39;131.85;7.55;144.24;12.03;157.48;14.50;171.43;14.73;185.69;12.69;199.74;8.59;213.14;2.73;225.70;--;--;--;--;--;--;--;--;--;--;--;--;
2022-12-12;--;--;--;--;--;--;--;--;--;--;--;--;--;--;--;--;--;--;--;--;1.27;131.80;7.44;144.17;11.93;157.40;14.41;171.33;14.66;185.58;12.64;199.61;8.56;213.01;2.72;225.57;--;--;--;--;--;--;--;--;--;--;--;--;
2022-12-13;--;--;--;--;--;--;--;--;--;--;--;--;--;--;--;--;--;--;--;--;1.16;131.74;7.33;144.10;11.84;157.31;14.33;171.23;14.60;185.46;12.60;199.49;8.53;212.89;2.71;225.44;--;--;--;--;--;--;--;--;--;--;--;--;
2022-12-14;--;--;--;--;--;--;--;--;--;--;--;--;--;--;--;--;--;--;--;--;1.05;131.67;7.23;144.02;11.75;157.22;14.26;171.12;14.54;185.34;12.57;199.37;8.51;212.76;2.71;225.32;--;--;--;--;--;--;--;--;--;--;--;--;
2022-12-15;--;--;--;--;--;--;--;--;--;--;--;--;--;--;--;--;--;--;--;--;0.95;131.61;7.13;143.94;11.67;157.13;14.19;171.02;14.49;185.23;12.54;199.25;8.50;212.64;2.72;225.20;--;--;--;--;--;--;--;--;--;--;--;--;
2022-12-16;--;--;--;--;--;--;--;--;--;--;--;--;--;--;--;--;--;--;--;--;0.85;131.53;7.05;143.86;11.59;157.03;14.14;170.91;14.46;185.11;12.52;199.12;8.50;212.52;2.73;225.08;--;--;--;--;--;--;--;--;--;--;--;--;
2022-12-17;--;--;--;--;--;--;--;--;--;--;--;--;--;--;--;--;--;--;--;--;0.76;131.46;6.97;143.77;11.53;156.93;14.09;170.80;14.42;184.99;12.51;199.00;8.51;212.40;2.75;224.96;--;--;--;--;--;--;--;--;--;--;--;--;
2022-12-18;--;--;--;--;--;--;--;--;--;--;--;--;--;--;--;--;--;--;--;--;0.68;131.38;6.89;143.68;11.47;156.83;14.04;170.68;14.40;184.87;12.50;198.88;8.52;212.28;2.78;224.85;--;--;--;--;--;--;--;--;--;--;--;--;
2022-12-19;--;--;--;--;--;--;--;--;--;--;--;--;--;--;--;--;--;--;--;--;0.60;131.29;6.83;143.58;11.41;156.72;14.01;170.57;14.38;184.76;12.50;198.77;8.54;212.17;2.81;224.74;--;--;--;--;--;--;--;--;--;--;--;--;
2022-12-20;--;--;--;--;--;--;--;--;--;--;--;--;--;--;--;--;--;--;--;--;0.53;131.20;6.77;143.49;11.37;156.61;13.98;170.46;14.37;184.64;12.51;198.65;8.57;212.05;2.85;224.63;--;--;--;--;--;--;--;--;--;--;--;--;
2022-12-21;--;--;--;--;--;--;--;--;--;--;--;--;--;--;--;--;--;--;--;--;0.46;131.11;6.72;143.38;11.33;156.50;13.96;170.34;14.37;184.52;12.53;198.53;8.60;211.94;2.90;224.53;--;--;--;--;--;--;--;--;--;--;--;--;
2022-12-22;--;--;--;--;--;--;--;--;--;--;--;--;--;--;--;--;--;--;--;--;0.40;131.01;6.67;143.28;11.30;156.39;13.95;170.22;14.38;184.40;12.56;198.42;8.64;211.84;2.95;224.43;--;--;--;--;--;--;--;--;--;--;--;--;
2022-12-23;--;--;--;--;--;--;--;--;--;--;--;--;--;--;--;--;--;--;--;--;0.35;130.91;6.63;143.17;11.28;156.28;13.94;170.11;14.40;184.29;12.59;198.31;8.69;211.73;3.02;224.33;--;--;--;--;--;--;--;--;--;--;--;--;
2022-12-24;--;--;--;--;--;--;--;--;--;--;--;--;--;--;--;--;--;--;--;--;0.31;130.80;6.60;143.06;11.26;156.16;13.95;169.99;14.42;184.17;12.63;198.20;8.75;211.63;3.09;224.24;--;--;--;--;--;--;--;--;--;--;--;--;
2022-12-25;--;--;--;--;--;--;--;--;--;--;--;--;--;--;--;--;--;--;--;--;0.27;130.69;6.57;142.94;11.25;156.04;13.96;169.87;14.45;184.05;12.68;198.09;8.81;211.53;3.16;224.15;--;--;--;--;--;--;--;--;--;--;--;--;
2022-12-26;--;--;--;--;--;--;--;--;--;--;--;--;--;--;--;--;--;--;--;--;0.24;130.58;6.56;142.83;11.25;155.92;13.98;169.75;14.48;183.94;12.73;197.98;8.88;211.43;3.24;224.06;--;--;--;--;--;--;--;--;--;--;--;--;
2022-12-27;--;--;--;--;--;--;--;--;--;--;--;--;--;--;--;--;--;--;--;--;0.22;130.46;6.55;142.71;11.26;155.80;14.00;169.63;14.53;183.82;12.80;197.88;8.96;211.34;3.33;223.98;--;--;--;--;--;--;--;--;--;--;--;--;
2022-12-28;--;--;--;--;--;--;--;--;--;--;--;--;--;--;--;--;--;--;--;--;0.20;130.34;6.54;142.58;11.27;155.68;14.03;169.51;14.58;183.71;12.87;197.77;9.04;211.25;3.43;223.90;--;--;--;--;--;--;--;--;--;--;--;--;
2022-12-29;--;--;--;--;--;--;--;--;--;--;--;--;--;--;--;--;--;--;--;--;0.19;130.21;6.55;142.46;11.30;155.55;14.08;169.39;14.64;183.59;12.94;197.67;9.14;211.17;3.53;223.83;--;--;--;--;--;--;--;--;--;--;--;--;
2022-12-30;--;--;--;--;--;--;--;--;--;--;--;--;--;--;--;--;--;--;--;--;0.18;130.09;6.56;142.33;11.33;155.43;14.12;169.26;14.71;183.48;13.03;197.58;9.23;211.08;3.64;223.76;--;--;--;--;--;--;--;--;--;--;--;--;
2022-12-31;--;--;--;--;--;--;--;--;--;--;--;--;--;--;--;--;--;--;--;--;0.19;129.96;6.58;142.20;11.36;155.30;14.18;169.14;14.79;183.37;13.12;197.48;9.34;211.00;3.75;223.70;--;--;--;--;--;--;--;--;--;--;--;--;
2023-01-01;--;--;--;--;--;--;--;--;--;--;--;--;--;--;--;--;--;--;--;--;0.20;129.79;6.61;142.04;11.42;155.14;14.26;168.99;14.89;183.24;13.25;197.36;9.48;210.91;3.90;223.62;--;--;--;--;--;--;--;--;--;--;--;--;
